{
  "build:8": "3.5.266",
  "format:8": "2.0.0",
  "questDatabase:9": {
    "0:10": {
      "questID:3": 0,
      "preRequisites:11": [],
      "properties:10": {
        "betterquesting:10": {
          "issilent:1": 0,
          "snd_complete:8": "minecraft:entity.player.levelup",
          "lockedprogress:1": 0,
          "tasklogic:8": "AND",
          "repeattime:3": -1,
          "simultaneous:1": 0,
          "icon:10": {
            "id:8": "minecraft:double_plant",
            "Count:3": 1,
            "Damage:2": 0,
            "OreDict:8": ""
          },
          "globalshare:1": 0,
          "questlogic:8": "AND",
          "partysinglereward:1": 0,
          "snd_update:8": "minecraft:entity.player.levelup",
          "autoclaim:1": 0,
          "ismain:1": 0,
          "name:8": "Welcome to Yugospit [YU-GO-SPIT]",
          "desc:8": "§f §0§0§0§0§0§0Well this is a wreck. Get what you can, watch out for the engine that fell off the ship. The core is flowing, and the fuel is breached!§0§0§0 Once completed, if ur playing in hardcore mode use you sync shell to have extra lives. You have one life, and then you have to restart!"
        }
      },
      "tasks:9": {
        "0:10": {
          "partialMatch:1": 1,
          "autoConsume:1": 1,
          "groupDetect:1": 0,
          "ignoreNBT:1": 1,
          "index:3": 0,
          "consume:1": 0,
          "requiredItems:9": {
            "0:10": {
              "id:8": "thermalexpansion:machine",
              "Count:3": 1,
              "tag:10": {
                "RSControl:1": 0,
                "Facing:1": 2,
                "Creative:1": 0,
                "Energy:3": 0,
                "Level:1": 0,
                "SideCache:7": [
                  0,
                  0,
                  0,
                  0,
                  0,
                  0
                ]
              },
              "OreDict:8": "",
              "Damage:3": 14
            }
          },
          "taskID:8": "bq_standard:retrieval"
        }
      },
      "rewards:9": {
        "0:10": {
          "rewardID:8": "bq_standard:item",
          "index:3": 0,
          "rewards:9": {
            "0:10": {
              "id:8": "minecraft:snowball",
              "Count:3": 5,
              "OreDict:8": "",
              "Damage:3": 0
            },
            "1:10": {
              "id:8": "toughasnails:charcoal_filter",
              "Count:3": 5,
              "OreDict:8": "",
              "Damage:3": 0
            },
            "2:10": {
              "id:8": "sync:item_shell_constructor",
              "Count:3": 1,
              "OreDict:8": "",
              "Damage:3": 0
            },
            "3:10": {
              "id:8": "thermalexpansion:cell",
              "Count:3": 1,
              "tag:10": {
                "Recv:3": 1000,
                "RSControl:1": 0,
                "Facing:1": 3,
                "Creative:1": 0,
                "Energy:3": 2000000,
                "Level:1": 0,
                "SideCache:7": [
                  2,
                  1,
                  1,
                  1,
                  1,
                  1
                ],
                "Send:3": 1000
              },
              "OreDict:8": "",
              "Damage:3": 0
            }
          }
        }
      }
    },
    "1:10": {
      "questID:3": 1,
      "preRequisites:11": [
        0
      ],
      "properties:10": {
        "betterquesting:10": {
          "issilent:1": 0,
          "snd_complete:8": "minecraft:entity.player.levelup",
          "lockedprogress:1": 0,
          "tasklogic:8": "AND",
          "repeattime:3": -1,
          "simultaneous:1": 0,
          "icon:10": {
            "id:8": "ezwastelands:ezwastelandblock",
            "Count:3": 1,
            "Damage:2": 0,
            "OreDict:8": ""
          },
          "globalshare:1": 0,
          "questlogic:8": "AND",
          "partysinglereward:1": 0,
          "snd_update:8": "minecraft:entity.player.levelup",
          "autoclaim:1": 0,
          "ismain:1": 0,
          "name:8": "Waste, Waste and More Waste",
          "desc:8": "Get all the waste.\n\nTip #1: There is Ore Exevation"
        }
      },
      "tasks:9": {
        "0:10": {
          "partialMatch:1": 1,
          "autoConsume:1": 0,
          "groupDetect:1": 0,
          "ignoreNBT:1": 0,
          "index:3": 0,
          "consume:1": 0,
          "requiredItems:9": {
            "0:10": {
              "id:8": "ezwastelands:ezwastelandblock",
              "Count:3": 64,
              "OreDict:8": "",
              "Damage:3": 0
            }
          },
          "taskID:8": "bq_standard:retrieval"
        }
      },
      "rewards:9": {
        "0:10": {
          "rewardID:8": "bq_standard:choice",
          "index:3": 0,
          "choices:9": {
            "0:10": {
              "id:8": "thermalexpansion:strongbox",
              "Count:3": 1,
              "tag:10": {
                "Facing:1": 3,
                "Level:1": 0
              },
              "OreDict:8": "",
              "Damage:3": 0
            },
            "1:10": {
              "id:8": "minecraft:apple",
              "Count:3": 16,
              "OreDict:8": "",
              "Damage:3": 0
            }
          }
        }
      }
    },
    "2:10": {
      "questID:3": 2,
      "preRequisites:11": [
        22
      ],
      "properties:10": {
        "betterquesting:10": {
          "issilent:1": 0,
          "snd_complete:8": "minecraft:entity.player.levelup",
          "lockedprogress:1": 0,
          "tasklogic:8": "AND",
          "repeattime:3": -1,
          "simultaneous:1": 0,
          "icon:10": {
            "id:8": "minecraft:dirt",
            "Count:3": 1,
            "Damage:2": 0,
            "OreDict:8": ""
          },
          "globalshare:1": 0,
          "questlogic:8": "AND",
          "partysinglereward:1": 0,
          "snd_update:8": "minecraft:entity.player.levelup",
          "autoclaim:1": 0,
          "ismain:1": 0,
          "name:8": "Waste to trees",
          "desc:8": "Yugospit is a planet full with pretty much waste blocks. Using some of the waste that resisdes around you, and you can turn 7 of them into 1 Plant Fibref. When can be used in the barrel you just made to make some dirt. And later a sapling for trees."
        }
      },
      "tasks:9": {
        "0:10": {
          "partialMatch:1": 1,
          "autoConsume:1": 0,
          "groupDetect:1": 0,
          "ignoreNBT:1": 0,
          "index:3": 0,
          "consume:1": 0,
          "requiredItems:9": {
            "0:10": {
              "id:8": "ezwastelands:ezwastelandblock",
              "Count:3": 7,
              "OreDict:8": "",
              "Damage:3": 0
            }
          },
          "taskID:8": "bq_standard:retrieval"
        },
        "1:10": {
          "partialMatch:1": 1,
          "autoConsume:1": 0,
          "groupDetect:1": 0,
          "ignoreNBT:1": 0,
          "index:3": 1,
          "consume:1": 0,
          "requiredItems:9": {
            "0:10": {
              "id:8": "survivalist:plant_fibres",
              "Count:3": 2,
              "OreDict:8": "",
              "Damage:3": 0
            }
          },
          "taskID:8": "bq_standard:retrieval"
        },
        "2:10": {
          "partialMatch:1": 1,
          "autoConsume:1": 1,
          "groupDetect:1": 0,
          "ignoreNBT:1": 0,
          "index:3": 2,
          "consume:1": 0,
          "requiredItems:9": {
            "0:10": {
              "id:8": "minecraft:dirt",
              "Count:3": 5,
              "OreDict:8": "",
              "Damage:3": 0
            }
          },
          "taskID:8": "bq_standard:retrieval"
        }
      },
      "rewards:9": {
        "0:10": {
          "rewardID:8": "bq_standard:choice",
          "index:3": 0,
          "choices:9": {
            "0:10": {
              "id:8": "harvestcraft:applejuiceitem",
              "Count:3": 5,
              "OreDict:8": "",
              "Damage:3": 0
            },
            "1:10": {
              "id:8": "minecraft:cooked_beef",
              "Count:3": 2,
              "OreDict:8": "",
              "Damage:3": 0
            }
          }
        }
      }
    },
    "3:10": {
      "questID:3": 3,
      "preRequisites:11": [
        2
      ],
      "properties:10": {
        "betterquesting:10": {
          "issilent:1": 0,
          "snd_complete:8": "minecraft:entity.player.levelup",
          "lockedprogress:1": 0,
          "tasklogic:8": "AND",
          "repeattime:3": -1,
          "simultaneous:1": 0,
          "icon:10": {
            "id:8": "minecraft:sapling",
            "Count:3": 1,
            "Damage:2": 0,
            "OreDict:8": ""
          },
          "globalshare:1": 0,
          "questlogic:8": "AND",
          "partysinglereward:1": 0,
          "snd_update:8": "minecraft:entity.player.levelup",
          "autoclaim:1": 0,
          "ismain:1": 0,
          "name:8": "Chopping Wood",
          "desc:8": "Trees are a natural resource that takes a long time to grow. It even takes longer in this wasteful enviroment. Using apples, wheat, or saplings you can get this still called Plant Matter which can automatically grow trees."
        }
      },
      "tasks:9": {
        "0:10": {
          "partialMatch:1": 1,
          "autoConsume:1": 0,
          "groupDetect:1": 0,
          "ignoreNBT:1": 0,
          "index:3": 0,
          "consume:1": 0,
          "requiredItems:9": {
            "0:10": {
              "id:8": "skyresources:baseitemcomponent",
              "Count:3": 3,
              "OreDict:8": "",
              "Damage:3": 0
            }
          },
          "taskID:8": "bq_standard:retrieval"
        },
        "1:10": {
          "partialMatch:1": 1,
          "autoConsume:1": 0,
          "groupDetect:1": 0,
          "ignoreNBT:1": 0,
          "index:3": 1,
          "consume:1": 0,
          "requiredItems:9": {
            "0:10": {
              "id:8": "minecraft:log",
              "Count:3": 8,
              "OreDict:8": "logWood",
              "Damage:3": 0
            }
          },
          "taskID:8": "bq_standard:retrieval"
        }
      },
      "rewards:9": {
        "0:10": {
          "rewardID:8": "bq_standard:item",
          "index:3": 0,
          "rewards:9": {
            "0:10": {
              "id:8": "minecraft:sapling",
              "Count:3": 1,
              "OreDict:8": "",
              "Damage:3": 1
            },
            "1:10": {
              "id:8": "minecraft:sapling",
              "Count:3": 1,
              "OreDict:8": "",
              "Damage:3": 2
            },
            "2:10": {
              "id:8": "minecraft:sapling",
              "Count:3": 1,
              "OreDict:8": "",
              "Damage:3": 3
            },
            "3:10": {
              "id:8": "minecraft:sapling",
              "Count:3": 1,
              "OreDict:8": "",
              "Damage:3": 4
            },
            "4:10": {
              "id:8": "minecraft:sapling",
              "Count:3": 1,
              "OreDict:8": "",
              "Damage:3": 5
            }
          }
        }
      }
    },
    "4:10": {
      "questID:3": 4,
      "preRequisites:11": [
        3
      ],
      "properties:10": {
        "betterquesting:10": {
          "issilent:1": 0,
          "snd_complete:8": "minecraft:entity.player.levelup",
          "lockedprogress:1": 0,
          "tasklogic:8": "AND",
          "repeattime:3": -1,
          "simultaneous:1": 0,
          "icon:10": {
            "id:8": "survivalist:chopping_block",
            "Count:3": 1,
            "Damage:2": 0,
            "OreDict:8": ""
          },
          "globalshare:1": 0,
          "questlogic:8": "AND",
          "partysinglereward:1": 0,
          "snd_update:8": "minecraft:entity.player.levelup",
          "autoclaim:1": 0,
          "ismain:1": 0,
          "name:8": "Chopping for Wood",
          "desc:8": "Use wood to make planks on the chopping block, and planks to make sticks. Use your bare fist for now, but later you can upgrade to an axe."
        }
      },
      "tasks:9": {
        "0:10": {
          "partialMatch:1": 1,
          "autoConsume:1": 0,
          "groupDetect:1": 0,
          "ignoreNBT:1": 0,
          "index:3": 0,
          "consume:1": 0,
          "requiredItems:9": {
            "0:10": {
              "id:8": "survivalist:chopping_block",
              "Count:3": 1,
              "OreDict:8": "",
              "Damage:3": 0
            }
          },
          "taskID:8": "bq_standard:retrieval"
        },
        "1:10": {
          "partialMatch:1": 1,
          "autoConsume:1": 0,
          "groupDetect:1": 0,
          "ignoreNBT:1": 0,
          "index:3": 1,
          "consume:1": 0,
          "requiredItems:9": {
            "0:10": {
              "id:8": "minecraft:planks",
              "Count:3": 8,
              "OreDict:8": "plankWood",
              "Damage:3": 0
            }
          },
          "taskID:8": "bq_standard:retrieval"
        },
        "2:10": {
          "partialMatch:1": 1,
          "autoConsume:1": 0,
          "groupDetect:1": 0,
          "ignoreNBT:1": 0,
          "index:3": 2,
          "consume:1": 0,
          "requiredItems:9": {
            "0:10": {
              "id:8": "minecraft:stick",
              "Count:3": 8,
              "OreDict:8": "",
              "Damage:3": 0
            }
          },
          "taskID:8": "bq_standard:retrieval"
        }
      },
      "rewards:9": {
        "0:10": {
          "rewardID:8": "bq_standard:choice",
          "index:3": 0,
          "choices:9": {
            "0:10": {
              "id:8": "ironbackpacks:backpack",
              "Count:3": 1,
              "tag:10": {
                "packInfo:10": {
                  "upgrade:9": {},
                  "type:8": "ironbackpacks:basic",
                  "spec:8": "NONE"
                }
              },
              "OreDict:8": "",
              "Damage:3": 0
            },
            "1:10": {
              "id:8": "thermalexpansion:cell",
              "Count:3": 1,
              "tag:10": {
                "Recv:3": 1000,
                "RSControl:1": 0,
                "Facing:1": 5,
                "Creative:1": 0,
                "Energy:3": 2000000,
                "Level:1": 0,
                "SideCache:7": [
                  2,
                  1,
                  1,
                  1,
                  1,
                  1
                ],
                "Send:3": 1000
              },
              "OreDict:8": "",
              "Damage:3": 0
            }
          }
        }
      }
    },
    "5:10": {
      "questID:3": 5,
      "preRequisites:11": [
        1,
        4
      ],
      "properties:10": {
        "betterquesting:10": {
          "issilent:1": 0,
          "snd_complete:8": "minecraft:entity.player.levelup",
          "lockedprogress:1": 0,
          "tasklogic:8": "AND",
          "repeattime:3": -1,
          "simultaneous:1": 0,
          "icon:10": {
            "id:8": "minecraft:rotten_flesh",
            "Count:3": 1,
            "Damage:2": 0,
            "OreDict:8": ""
          },
          "globalshare:1": 0,
          "questlogic:8": "AND",
          "partysinglereward:1": 0,
          "snd_update:8": "minecraft:entity.player.levelup",
          "autoclaim:1": 0,
          "ismain:1": 0,
          "name:8": "Gross Food, Plz",
          "desc:8": "There comes a time when you are starving and need food. Well just drying rotten flesh will get you jurky."
        }
      },
      "tasks:9": {
        "0:10": {
          "partialMatch:1": 1,
          "autoConsume:1": 0,
          "groupDetect:1": 0,
          "ignoreNBT:1": 0,
          "index:3": 0,
          "consume:1": 0,
          "requiredItems:9": {
            "0:10": {
              "id:8": "minecraft:rotten_flesh",
              "Count:3": 2,
              "OreDict:8": "",
              "Damage:3": 0
            },
            "1:10": {
              "id:8": "survivalist:rack",
              "Count:3": 1,
              "OreDict:8": "",
              "Damage:3": 0
            }
          },
          "taskID:8": "bq_standard:retrieval"
        },
        "1:10": {
          "partialMatch:1": 1,
          "autoConsume:1": 0,
          "groupDetect:1": 0,
          "ignoreNBT:1": 0,
          "index:3": 1,
          "consume:1": 0,
          "requiredItems:9": {
            "0:10": {
              "id:8": "survivalist:jerky",
              "Count:3": 1,
              "OreDict:8": "",
              "Damage:3": 0
            }
          },
          "taskID:8": "bq_standard:retrieval"
        }
      },
      "rewards:9": {
        "0:10": {
          "rewardID:8": "bq_standard:item",
          "index:3": 0,
          "rewards:9": {
            "0:10": {
              "id:8": "survivalist:jerky",
              "Count:3": 6,
              "OreDict:8": "",
              "Damage:3": 0
            }
          }
        }
      }
    },
    "6:10": {
      "questID:3": 6,
      "preRequisites:11": [
        2
      ],
      "properties:10": {
        "betterquesting:10": {
          "issilent:1": 0,
          "snd_complete:8": "minecraft:entity.player.levelup",
          "lockedprogress:1": 0,
          "tasklogic:8": "AND",
          "repeattime:3": -1,
          "simultaneous:1": 0,
          "icon:10": {
            "id:8": "minecraft:sapling",
            "Count:3": 1,
            "Damage:2": 0,
            "OreDict:8": ""
          },
          "globalshare:1": 0,
          "questlogic:8": "AND",
          "partysinglereward:1": 0,
          "snd_update:8": "minecraft:entity.player.levelup",
          "autoclaim:1": 0,
          "ismain:1": 0,
          "name:8": "Twerking For Trees",
          "desc:8": "Twerk twerk, twerk for trees. "
        }
      },
      "tasks:9": {
        "0:10": {
          "index:3": 0,
          "taskID:8": "bq_standard:checkbox"
        },
        "1:10": {
          "partialMatch:1": 1,
          "autoConsume:1": 0,
          "groupDetect:1": 0,
          "ignoreNBT:1": 0,
          "index:3": 1,
          "consume:1": 0,
          "requiredItems:9": {
            "0:10": {
              "id:8": "minecraft:log",
              "Count:3": 8,
              "OreDict:8": "",
              "Damage:3": 0
            }
          },
          "taskID:8": "bq_standard:retrieval"
        }
      },
      "rewards:9": {
        "0:10": {
          "rewardID:8": "bq_standard:choice",
          "index:3": 0,
          "choices:9": {
            "0:10": {
              "id:8": "minecraft:log",
              "Count:3": 8,
              "OreDict:8": "",
              "Damage:3": 0
            },
            "1:10": {
              "id:8": "thermalexpansion:cell",
              "Count:3": 1,
              "tag:10": {
                "Recv:3": 1000,
                "RSControl:1": 0,
                "Facing:1": 5,
                "Creative:1": 0,
                "Energy:3": 1399000,
                "Level:1": 0,
                "SideCache:7": [
                  2,
                  2,
                  2,
                  2,
                  1,
                  1
                ],
                "Send:3": 1000
              },
              "OreDict:8": "",
              "Damage:3": 0
            }
          }
        }
      }
    },
    "7:10": {
      "questID:3": 7,
      "preRequisites:11": [
        4
      ],
      "properties:10": {
        "betterquesting:10": {
          "issilent:1": 0,
          "snd_complete:8": "minecraft:entity.player.levelup",
          "lockedprogress:1": 0,
          "tasklogic:8": "AND",
          "repeattime:3": -1,
          "simultaneous:1": 0,
          "icon:10": {
            "id:8": "minecraft:flint",
            "Count:3": 1,
            "Damage:2": 0,
            "OreDict:8": ""
          },
          "globalshare:1": 0,
          "questlogic:8": "AND",
          "partysinglereward:1": 0,
          "snd_update:8": "minecraft:entity.player.levelup",
          "autoclaim:1": 0,
          "ismain:1": 0,
          "name:8": "Flint!",
          "desc:8": "Flint one of the Natural resources of this map. Well it more natural then those meters."
        }
      },
      "tasks:9": {
        "0:10": {
          "partialMatch:1": 1,
          "ignoreNBT:1": 0,
          "index:3": 0,
          "requiredItems:9": {
            "0:10": {
              "id:8": "improvedextraction:small_rock",
              "Count:3": 1,
              "OreDict:8": "",
              "Damage:3": 0
            }
          },
          "taskID:8": "bq_standard:crafting"
        },
        "1:10": {
          "partialMatch:1": 1,
          "ignoreNBT:1": 0,
          "index:3": 1,
          "requiredItems:9": {
            "0:10": {
              "id:8": "minecraft:gravel",
              "Count:3": 1,
              "OreDict:8": "",
              "Damage:3": 0
            }
          },
          "taskID:8": "bq_standard:crafting"
        },
        "2:10": {
          "partialMatch:1": 1,
          "autoConsume:1": 0,
          "groupDetect:1": 0,
          "ignoreNBT:1": 0,
          "index:3": 2,
          "consume:1": 0,
          "requiredItems:9": {
            "0:10": {
              "id:8": "minecraft:flint",
              "Count:3": 1,
              "OreDict:8": "",
              "Damage:3": 0
            }
          },
          "taskID:8": "bq_standard:retrieval"
        }
      },
      "rewards:9": {
        "0:10": {
          "rewardID:8": "bq_standard:item",
          "index:3": 0,
          "rewards:9": {
            "0:10": {
              "id:8": "minecraft:wheat_seeds",
              "Count:3": 1,
              "OreDict:8": "",
              "Damage:3": 0
            },
            "1:10": {
              "id:8": "harvestcraft:pineappleseeditem",
              "Count:3": 1,
              "OreDict:8": "",
              "Damage:3": 0
            },
            "2:10": {
              "id:8": "harvestcraft:blueberryseeditem",
              "Count:3": 1,
              "OreDict:8": "",
              "Damage:3": 0
            }
          }
        },
        "1:10": {
          "rewardID:8": "bq_standard:choice",
          "index:3": 1,
          "choices:9": {
            "0:10": {
              "id:8": "minecraft:flint",
              "Count:3": 12,
              "OreDict:8": "",
              "Damage:3": 0
            },
            "1:10": {
              "id:8": "minecraft:planks",
              "Count:3": 64,
              "OreDict:8": "",
              "Damage:3": 0
            }
          }
        }
      }
    },
    "8:10": {
      "questID:3": 8,
      "preRequisites:11": [
        7,
        10
      ],
      "properties:10": {
        "betterquesting:10": {
          "issilent:1": 0,
          "snd_complete:8": "minecraft:entity.player.levelup",
          "lockedprogress:1": 0,
          "tasklogic:8": "AND",
          "repeattime:3": -1,
          "simultaneous:1": 0,
          "icon:10": {
            "ForgeCaps:10": {
              "astralsorcery:cap_item_amulet_holder:10": {}
            },
            "id:8": "tp:flint_chestplate",
            "Count:3": 1,
            "Damage:2": 0,
            "OreDict:8": ""
          },
          "globalshare:1": 0,
          "questlogic:8": "AND",
          "partysinglereward:1": 0,
          "snd_update:8": "minecraft:entity.player.levelup",
          "autoclaim:1": 0,
          "ismain:1": 0,
          "name:8": "Flint Armor",
          "desc:8": "Whose the Tough guy now"
        }
      },
      "tasks:9": {
        "0:10": {
          "partialMatch:1": 1,
          "ignoreNBT:1": 0,
          "index:3": 0,
          "requiredItems:9": {
            "0:10": {
              "id:8": "tp:flint_helmet",
              "Count:3": 1,
              "OreDict:8": "",
              "Damage:3": 0
            },
            "1:10": {
              "id:8": "tp:flint_chestplate",
              "Count:3": 1,
              "OreDict:8": "",
              "Damage:3": 0
            },
            "2:10": {
              "id:8": "tp:flint_leggings",
              "Count:3": 1,
              "OreDict:8": "",
              "Damage:3": 0
            },
            "3:10": {
              "id:8": "tp:flint_boots",
              "Count:3": 1,
              "OreDict:8": "",
              "Damage:3": 0
            }
          },
          "taskID:8": "bq_standard:crafting"
        }
      },
      "rewards:9": {
        "0:10": {
          "rewardID:8": "bq_standard:choice",
          "index:3": 0,
          "choices:9": {
            "0:10": {
              "id:8": "thermalexpansion:cell",
              "Count:3": 1,
              "tag:10": {
                "Recv:3": 1000,
                "RSControl:1": 0,
                "Facing:1": 5,
                "Creative:1": 0,
                "Energy:3": 1399000,
                "Level:1": 0,
                "SideCache:7": [
                  2,
                  2,
                  2,
                  2,
                  1,
                  1
                ],
                "Send:3": 1000
              },
              "OreDict:8": "",
              "Damage:3": 0
            },
            "1:10": {
              "id:8": "minecraft:dirt",
              "Count:3": 32,
              "OreDict:8": "",
              "Damage:3": 0
            },
            "2:10": {
              "id:8": "betterquesting:placeholder",
              "Count:3": 8,
              "tag:10": {
                "orig_meta:3": 0,
                "orig_id:8": "schopcraft:ice_cream"
              },
              "OreDict:8": "",
              "Damage:3": 0
            }
          }
        }
      }
    },
    "9:10": {
      "questID:3": 9,
      "preRequisites:11": [
        2,
        5
      ],
      "properties:10": {
        "betterquesting:10": {
          "issilent:1": 0,
          "snd_complete:8": "minecraft:entity.player.levelup",
          "lockedprogress:1": 0,
          "tasklogic:8": "AND",
          "repeattime:3": -1,
          "simultaneous:1": 0,
          "icon:10": {
            "id:8": "minecraft:string",
            "Count:3": 1,
            "Damage:2": 0,
            "OreDict:8": ""
          },
          "globalshare:1": 0,
          "questlogic:8": "AND",
          "partysinglereward:1": 0,
          "snd_update:8": "minecraft:entity.player.levelup",
          "autoclaim:1": 0,
          "ismain:1": 0,
          "name:8": "String",
          "desc:8": "String can be a very useful resource for future tools."
        }
      },
      "tasks:9": {
        "0:10": {
          "partialMatch:1": 1,
          "ignoreNBT:1": 0,
          "index:3": 0,
          "requiredItems:9": {
            "0:10": {
              "id:8": "minecraft:string",
              "Count:3": 16,
              "OreDict:8": "string",
              "Damage:3": 0
            }
          },
          "taskID:8": "bq_standard:crafting"
        }
      },
      "rewards:9": {
        "0:10": {
          "rewardID:8": "bq_standard:item",
          "index:3": 0,
          "rewards:9": {
            "0:10": {
              "id:8": "minecraft:red_mushroom",
              "Count:3": 1,
              "OreDict:8": "",
              "Damage:3": 0
            },
            "1:10": {
              "id:8": "minecraft:reeds",
              "Count:3": 1,
              "OreDict:8": "",
              "Damage:3": 0
            }
          }
        }
      }
    },
    "10:10": {
      "questID:3": 10,
      "preRequisites:11": [
        3
      ],
      "properties:10": {
        "betterquesting:10": {
          "issilent:1": 0,
          "snd_complete:8": "minecraft:entity.player.levelup",
          "lockedprogress:1": 0,
          "tasklogic:8": "AND",
          "repeattime:3": -1,
          "simultaneous:1": 0,
          "icon:10": {
            "ForgeCaps:10": {
              "astralsorcery:cap_item_amulet_holder:10": {}
            },
            "id:8": "tp:wooden_chestplate",
            "Count:3": 1,
            "Damage:2": 0,
            "OreDict:8": ""
          },
          "globalshare:1": 0,
          "questlogic:8": "AND",
          "partysinglereward:1": 0,
          "snd_update:8": "minecraft:entity.player.levelup",
          "autoclaim:1": 0,
          "ismain:1": 0,
          "name:8": "Wearing Wood",
          "desc:8": "Heavy yet useful"
        }
      },
      "tasks:9": {
        "0:10": {
          "partialMatch:1": 1,
          "autoConsume:1": 0,
          "groupDetect:1": 0,
          "ignoreNBT:1": 1,
          "index:3": 0,
          "consume:1": 0,
          "requiredItems:9": {
            "0:10": {
              "id:8": "tp:wooden_helmet",
              "Count:3": 1,
              "OreDict:8": "",
              "Damage:3": 0
            },
            "1:10": {
              "id:8": "tp:wooden_chestplate",
              "Count:3": 1,
              "OreDict:8": "",
              "Damage:3": 0
            },
            "2:10": {
              "id:8": "tp:wooden_leggings",
              "Count:3": 1,
              "OreDict:8": "",
              "Damage:3": 0
            },
            "3:10": {
              "id:8": "tp:wooden_boots",
              "Count:3": 1,
              "OreDict:8": "",
              "Damage:3": 0
            }
          },
          "taskID:8": "bq_standard:retrieval"
        }
      },
      "rewards:9": {
        "0:10": {
          "rewardID:8": "bq_standard:choice",
          "index:3": 0,
          "choices:9": {
            "0:10": {
              "id:8": "minecraft:log",
              "Count:3": 48,
              "OreDict:8": "",
              "Damage:3": 0
            },
            "1:10": {
              "id:8": "minecraft:apple",
              "Count:3": 12,
              "OreDict:8": "",
              "Damage:3": 0
            }
          }
        }
      }
    },
    "11:10": {
      "questID:3": 11,
      "preRequisites:11": [
        9,
        7
      ],
      "properties:10": {
        "betterquesting:10": {
          "issilent:1": 0,
          "snd_complete:8": "minecraft:entity.player.levelup",
          "lockedprogress:1": 0,
          "tasklogic:8": "AND",
          "repeattime:3": -1,
          "simultaneous:1": 0,
          "icon:10": {
            "ForgeCaps:10": {
              "astralsorcery:cap_item_amulet_holder:10": {}
            },
            "id:8": "survivalist:pick",
            "Count:3": 1,
            "Damage:2": 0,
            "OreDict:8": ""
          },
          "globalshare:1": 0,
          "questlogic:8": "AND",
          "partysinglereward:1": 0,
          "snd_update:8": "minecraft:entity.player.levelup",
          "autoclaim:1": 0,
          "ismain:1": 0,
          "name:8": "Its Mining time",
          "desc:8": "This pick is very useful to get your first ores. To do so first make this pickaxe"
        }
      },
      "tasks:9": {
        "0:10": {
          "partialMatch:1": 1,
          "ignoreNBT:1": 0,
          "index:3": 0,
          "requiredItems:9": {
            "0:10": {
              "id:8": "survivalist:pick",
              "Count:3": 1,
              "OreDict:8": "",
              "Damage:3": 0
            }
          },
          "taskID:8": "bq_standard:crafting"
        }
      },
      "rewards:9": {
        "0:10": {
          "rewardID:8": "bq_standard:item",
          "index:3": 0,
          "rewards:9": {
            "0:10": {
              "id:8": "survivalist:pick",
              "Count:3": 3,
              "OreDict:8": "",
              "Damage:3": 0
            }
          }
        }
      }
    },
    "12:10": {
      "questID:3": 12,
      "preRequisites:11": [
        4,
        7
      ],
      "properties:10": {
        "betterquesting:10": {
          "issilent:1": 0,
          "snd_complete:8": "minecraft:entity.player.levelup",
          "lockedprogress:1": 0,
          "tasklogic:8": "AND",
          "repeattime:3": -1,
          "simultaneous:1": 0,
          "icon:10": {
            "ForgeCaps:10": {
              "astralsorcery:cap_item_amulet_holder:10": {}
            },
            "id:8": "survivalist:hatchet",
            "Count:3": 1,
            "Damage:2": 0,
            "OreDict:8": ""
          },
          "globalshare:1": 0,
          "questlogic:8": "AND",
          "partysinglereward:1": 0,
          "snd_update:8": "minecraft:entity.player.levelup",
          "autoclaim:1": 0,
          "ismain:1": 0,
          "name:8": "Faster Chopping",
          "desc:8": "This axe very fastly speeds up chopping while you are chopping up wood or sticks"
        }
      },
      "tasks:9": {
        "0:10": {
          "partialMatch:1": 1,
          "ignoreNBT:1": 0,
          "index:3": 0,
          "requiredItems:9": {
            "0:10": {
              "id:8": "survivalist:hatchet",
              "Count:3": 1,
              "OreDict:8": "",
              "Damage:3": 0
            }
          },
          "taskID:8": "bq_standard:crafting"
        }
      },
      "rewards:9": {
        "0:10": {
          "rewardID:8": "bq_standard:choice",
          "index:3": 0,
          "choices:9": {
            "0:10": {
              "id:8": "minecraft:planks",
              "Count:3": 32,
              "OreDict:8": "",
              "Damage:3": 0
            },
            "1:10": {
              "id:8": "harvestcraft:pineappleupsidedowncakeitem",
              "Count:3": 2,
              "OreDict:8": "",
              "Damage:3": 0
            }
          }
        }
      }
    },
    "13:10": {
      "questID:3": 13,
      "preRequisites:11": [
        11
      ],
      "properties:10": {
        "betterquesting:10": {
          "issilent:1": 0,
          "snd_complete:8": "minecraft:entity.player.levelup",
          "lockedprogress:1": 0,
          "tasklogic:8": "AND",
          "repeattime:3": -1,
          "simultaneous:1": 0,
          "icon:10": {
            "id:8": "wasteland_meteors:meteor_block",
            "Count:3": 1,
            "Damage:2": 0,
            "OreDict:8": ""
          },
          "globalshare:1": 0,
          "questlogic:8": "AND",
          "partysinglereward:1": 0,
          "snd_update:8": "minecraft:entity.player.levelup",
          "autoclaim:1": 0,
          "ismain:1": 0,
          "name:8": "Meteror Hunting",
          "desc:8": "Find a meteror then break in with your pickaxe. Despite the tooltip it is pretty fast to break in. Once inside, get some cobble. While your there grab some ores as well."
        }
      },
      "tasks:9": {
        "0:10": {
          "partialMatch:1": 1,
          "autoConsume:1": 0,
          "groupDetect:1": 0,
          "ignoreNBT:1": 0,
          "index:3": 2,
          "consume:1": 0,
          "requiredItems:9": {
            "0:10": {
              "id:8": "improvedextraction:rock",
              "Count:3": 32,
              "OreDict:8": "",
              "Damage:3": 0
            }
          },
          "taskID:8": "bq_standard:retrieval"
        }
      },
      "rewards:9": {
        "0:10": {
          "rewardID:8": "bq_standard:choice",
          "index:3": 0,
          "choices:9": {
            "0:10": {
              "id:8": "actuallyadditions:item_coffee_seed",
              "Count:3": 1,
              "OreDict:8": "",
              "Damage:3": 0
            },
            "1:10": {
              "id:8": "actuallyadditions:item_rice_seed",
              "Count:3": 1,
              "OreDict:8": "",
              "Damage:3": 0
            }
          }
        }
      }
    },
    "14:10": {
      "questID:3": 14,
      "preRequisites:11": [
        13
      ],
      "properties:10": {
        "betterquesting:10": {
          "issilent:1": 0,
          "snd_complete:8": "minecraft:entity.player.levelup",
          "lockedprogress:1": 0,
          "tasklogic:8": "AND",
          "repeattime:3": -1,
          "simultaneous:1": 0,
          "icon:10": {
            "id:8": "minecraft:cobblestone",
            "Count:3": 1,
            "Damage:2": 0,
            "OreDict:8": ""
          },
          "globalshare:1": 0,
          "questlogic:8": "AND",
          "partysinglereward:1": 0,
          "snd_update:8": "minecraft:entity.player.levelup",
          "autoclaim:1": 0,
          "ismain:1": 0,
          "name:8": "Cobblestone",
          "desc:8": "Combine 4 of any type of rock expect to make the cobble version of that stone."
        }
      },
      "tasks:9": {
        "0:10": {
          "partialMatch:1": 1,
          "ignoreNBT:1": 0,
          "index:3": 0,
          "requiredItems:9": {
            "0:10": {
              "id:8": "minecraft:cobblestone",
              "Count:3": 1,
              "OreDict:8": "",
              "Damage:3": 0
            }
          },
          "taskID:8": "bq_standard:crafting"
        }
      },
      "rewards:9": {
        "0:10": {
          "rewardID:8": "bq_standard:choice",
          "index:3": 0,
          "choices:9": {
            "0:10": {
              "id:8": "thermalexpansion:cell",
              "Count:3": 1,
              "tag:10": {
                "Recv:3": 1000,
                "RSControl:1": 0,
                "Facing:1": 5,
                "Creative:1": 0,
                "Energy:3": 1399000,
                "Level:1": 0,
                "SideCache:7": [
                  2,
                  2,
                  2,
                  2,
                  1,
                  1
                ],
                "Send:3": 1000
              },
              "OreDict:8": "",
              "Damage:3": 0
            },
            "1:10": {
              "id:8": "minecraft:cobblestone",
              "Count:3": 64,
              "OreDict:8": "",
              "Damage:3": 0
            }
          }
        }
      }
    },
    "15:10": {
      "questID:3": 15,
      "preRequisites:11": [
        14
      ],
      "properties:10": {
        "betterquesting:10": {
          "issilent:1": 0,
          "snd_complete:8": "minecraft:entity.player.levelup",
          "lockedprogress:1": 0,
          "tasklogic:8": "AND",
          "repeattime:3": -1,
          "simultaneous:1": 0,
          "icon:10": {
            "id:8": "improvedextraction:ore_cluster",
            "Count:3": 1,
            "Damage:2": 0,
            "OreDict:8": ""
          },
          "globalshare:1": 0,
          "questlogic:8": "AND",
          "partysinglereward:1": 0,
          "snd_update:8": "minecraft:entity.player.levelup",
          "autoclaim:1": 0,
          "ismain:1": 0,
          "name:8": "Clusters",
          "desc:8": "Combine 4 Fragments into a clusters. Then Smelt it in the furnace, made with some cobble."
        }
      },
      "tasks:9": {
        "0:10": {
          "partialMatch:1": 1,
          "ignoreNBT:1": 0,
          "index:3": 0,
          "requiredItems:9": {
            "0:10": {
              "id:8": "improvedextraction:ore_cluster",
              "Count:3": 1,
              "OreDict:8": "",
              "Damage:3": 0
            },
            "1:10": {
              "id:8": "improvedextraction:ore_cluster",
              "Count:3": 1,
              "OreDict:8": "",
              "Damage:3": 1
            },
            "2:10": {
              "id:8": "improvedextraction:ore_cluster",
              "Count:3": 1,
              "OreDict:8": "",
              "Damage:3": 2
            },
            "3:10": {
              "id:8": "improvedextraction:ore_cluster",
              "Count:3": 1,
              "OreDict:8": "",
              "Damage:3": 3
            },
            "4:10": {
              "id:8": "improvedextraction:ore_cluster",
              "Count:3": 1,
              "OreDict:8": "",
              "Damage:3": 4
            },
            "5:10": {
              "id:8": "improvedextraction:ore_cluster",
              "Count:3": 1,
              "OreDict:8": "",
              "Damage:3": 5
            },
            "6:10": {
              "id:8": "improvedextraction:ore_cluster",
              "Count:3": 1,
              "OreDict:8": "",
              "Damage:3": 6
            },
            "7:10": {
              "id:8": "improvedextraction:ore_cluster",
              "Count:3": 1,
              "OreDict:8": "",
              "Damage:3": 15
            },
            "8:10": {
              "id:8": "rebirth3contentmod:osmiumchunk",
              "Count:3": 1,
              "OreDict:8": "",
              "Damage:3": 0
            }
          },
          "taskID:8": "bq_standard:crafting"
        },
        "1:10": {
          "partialMatch:1": 1,
          "ignoreNBT:1": 0,
          "index:3": 1,
          "requiredItems:9": {
            "0:10": {
              "id:8": "minecraft:furnace",
              "Count:3": 1,
              "OreDict:8": "",
              "Damage:3": 0
            }
          },
          "taskID:8": "bq_standard:crafting"
        }
      },
      "rewards:9": {
        "0:10": {
          "rewardID:8": "bq_standard:choice",
          "index:3": 0,
          "choices:9": {
            "0:10": {
              "id:8": "minecraft:iron_ingot",
              "Count:3": 32,
              "OreDict:8": "",
              "Damage:3": 0
            },
            "1:10": {
              "id:8": "minecraft:gold_ingot",
              "Count:3": 8,
              "OreDict:8": "",
              "Damage:3": 0
            },
            "2:10": {
              "id:8": "thermalfoundation:material",
              "Count:3": 48,
              "OreDict:8": "",
              "Damage:3": 128
            },
            "3:10": {
              "id:8": "thermalfoundation:material",
              "Count:3": 24,
              "OreDict:8": "",
              "Damage:3": 129
            }
          }
        }
      }
    },
    "16:10": {
      "questID:3": 16,
      "preRequisites:11": [
        14
      ],
      "properties:10": {
        "betterquesting:10": {
          "issilent:1": 0,
          "snd_complete:8": "minecraft:entity.player.levelup",
          "lockedprogress:1": 0,
          "tasklogic:8": "AND",
          "repeattime:3": -1,
          "simultaneous:1": 0,
          "icon:10": {
            "id:8": "minecraft:diamond",
            "Count:3": 1,
            "Damage:2": 0,
            "OreDict:8": ""
          },
          "globalshare:1": 0,
          "questlogic:8": "AND",
          "partysinglereward:1": 0,
          "snd_update:8": "minecraft:entity.player.levelup",
          "autoclaim:1": 0,
          "ismain:1": 0,
          "name:8": "Raw Crystals",
          "desc:8": "Crystals come raw. To process them u have to cut them!"
        }
      },
      "tasks:9": {
        "0:10": {
          "partialMatch:1": 1,
          "ignoreNBT:1": 0,
          "index:3": 0,
          "requiredItems:9": {
            "0:10": {
              "id:8": "improvedextraction:cutting_tool",
              "Count:3": 1,
              "OreDict:8": "",
              "Damage:3": 0
            },
            "1:10": {
              "id:8": "improvedextraction:cutting_table",
              "Count:3": 1,
              "OreDict:8": "",
              "Damage:3": 0
            }
          },
          "taskID:8": "bq_standard:crafting"
        },
        "1:10": {
          "partialMatch:1": 1,
          "autoConsume:1": 0,
          "groupDetect:1": 0,
          "ignoreNBT:1": 0,
          "index:3": 1,
          "consume:1": 0,
          "requiredItems:9": {
            "0:10": {
              "id:8": "minecraft:diamond",
              "Count:3": 1,
              "OreDict:8": "",
              "Damage:3": 0
            },
            "1:10": {
              "id:8": "minecraft:emerald",
              "Count:3": 1,
              "OreDict:8": "",
              "Damage:3": 0
            }
          },
          "taskID:8": "bq_standard:retrieval"
        }
      },
      "rewards:9": {
        "0:10": {
          "rewardID:8": "bq_standard:choice",
          "index:3": 0,
          "choices:9": {
            "0:10": {
              "id:8": "minecraft:diamond",
              "Count:3": 4,
              "OreDict:8": "",
              "Damage:3": 0
            },
            "1:10": {
              "id:8": "minecraft:emerald",
              "Count:3": 2,
              "OreDict:8": "",
              "Damage:3": 0
            }
          }
        }
      }
    },
    "17:10": {
      "questID:3": 17,
      "preRequisites:11": [
        4
      ],
      "properties:10": {
        "betterquesting:10": {
          "issilent:1": 0,
          "snd_complete:8": "minecraft:entity.player.levelup",
          "lockedprogress:1": 0,
          "tasklogic:8": "AND",
          "repeattime:3": -1,
          "simultaneous:1": 0,
          "icon:10": {
            "ForgeCaps:10": {
              "astralsorcery:cap_item_amulet_holder:10": {}
            },
            "id:8": "toughasnails:canteen",
            "Count:3": 1,
            "Damage:2": 1,
            "OreDict:8": ""
          },
          "globalshare:1": 0,
          "questlogic:8": "AND",
          "partysinglereward:1": 0,
          "snd_update:8": "minecraft:entity.player.levelup",
          "autoclaim:1": 0,
          "ismain:1": 0,
          "name:8": "Water Canteens",
          "desc:8": "Yugospit has a very high huminity level. There are some canteens on the wall there. Go take it and fill it up with water in the pool outside. That will be much better"
        }
      },
      "tasks:9": {
        "0:10": {
          "partialMatch:1": 1,
          "autoConsume:1": 0,
          "groupDetect:1": 0,
          "ignoreNBT:1": 0,
          "index:3": 0,
          "consume:1": 0,
          "requiredItems:9": {
            "0:10": {
              "id:8": "toughasnails:canteen",
              "Count:3": 1,
              "OreDict:8": "",
              "Damage:3": 1
            }
          },
          "taskID:8": "bq_standard:retrieval"
        }
      },
      "rewards:9": {
        "0:10": {
          "rewardID:8": "bq_standard:choice",
          "index:3": 0,
          "choices:9": {
            "0:10": {
              "id:8": "toughasnails:canteen",
              "Count:3": 1,
              "OreDict:8": "",
              "Damage:3": 0
            },
            "1:10": {
              "id:8": "minecraft:cooked_beef",
              "Count:3": 16,
              "OreDict:8": "",
              "Damage:3": 0
            }
          }
        }
      }
    },
    "18:10": {
      "questID:3": 18,
      "preRequisites:11": [
        17
      ],
      "properties:10": {
        "betterquesting:10": {
          "issilent:1": 0,
          "snd_complete:8": "minecraft:entity.player.levelup",
          "lockedprogress:1": 0,
          "tasklogic:8": "AND",
          "repeattime:3": -1,
          "simultaneous:1": 0,
          "icon:10": {
            "id:8": "toughasnails:charcoal_filter",
            "Count:3": 1,
            "Damage:2": 0,
            "OreDict:8": ""
          },
          "globalshare:1": 0,
          "questlogic:8": "AND",
          "partysinglereward:1": 0,
          "snd_update:8": "minecraft:entity.player.levelup",
          "autoclaim:1": 0,
          "ismain:1": 0,
          "name:8": "Charcoal Filters",
          "desc:8": "Even though water is nice, it might be better if it is a little more pure. Combine the bottle or your canteen with this filter to purify it."
        }
      },
      "tasks:9": {
        "0:10": {
          "partialMatch:1": 1,
          "autoConsume:1": 0,
          "groupDetect:1": 0,
          "ignoreNBT:1": 0,
          "index:3": 0,
          "consume:1": 0,
          "requiredItems:9": {
            "0:10": {
              "id:8": "toughasnails:charcoal_filter",
              "Count:3": 15,
              "OreDict:8": "",
              "Damage:3": 0
            }
          },
          "taskID:8": "bq_standard:retrieval"
        }
      },
      "rewards:9": {
        "0:10": {
          "rewardID:8": "bq_standard:choice",
          "index:3": 0,
          "choices:9": {
            "0:10": {
              "id:8": "thermalexpansion:florb",
              "Count:3": 1,
              "tag:10": {
                "Fluid:8": "water"
              },
              "OreDict:8": "",
              "Damage:3": 0
            }
          }
        }
      }
    },
    "19:10": {
      "questID:3": 19,
      "preRequisites:11": [
        9
      ],
      "properties:10": {
        "betterquesting:10": {
          "issilent:1": 0,
          "snd_complete:8": "minecraft:entity.player.levelup",
          "lockedprogress:1": 0,
          "tasklogic:8": "AND",
          "repeattime:3": -1,
          "simultaneous:1": 0,
          "icon:10": {
            "ForgeCaps:10": {
              "astralsorcery:cap_item_amulet_holder:10": {}
            },
            "id:8": "minecraft:bed",
            "Count:3": 1,
            "Damage:2": 0,
            "OreDict:8": ""
          },
          "globalshare:1": 0,
          "questlogic:8": "AND",
          "partysinglereward:1": 0,
          "snd_update:8": "minecraft:entity.player.levelup",
          "autoclaim:1": 0,
          "ismain:1": 0,
          "name:8": "Sleeping",
          "desc:8": "The rest from your very own bed will be useful to sleep through the dark nights on Yugospilt."
        }
      },
      "tasks:9": {
        "0:10": {
          "partialMatch:1": 1,
          "autoConsume:1": 0,
          "groupDetect:1": 0,
          "ignoreNBT:1": 0,
          "index:3": 0,
          "consume:1": 0,
          "requiredItems:9": {
            "0:10": {
              "id:8": "minecraft:bed",
              "Count:3": 1,
              "OreDict:8": "",
              "Damage:3": 0
            }
          },
          "taskID:8": "bq_standard:retrieval"
        }
      },
      "rewards:9": {
        "0:10": {
          "rewardID:8": "bq_standard:item",
          "index:3": 0,
          "rewards:9": {
            "0:10": {
              "id:8": "minecraft:rotten_flesh",
              "Count:3": 8,
              "OreDict:8": "",
              "Damage:3": 0
            }
          }
        }
      }
    },
    "20:10": {
      "questID:3": 20,
      "preRequisites:11": [
        4
      ],
      "properties:10": {
        "betterquesting:10": {
          "issilent:1": 0,
          "snd_complete:8": "minecraft:entity.player.levelup",
          "lockedprogress:1": 0,
          "tasklogic:8": "AND",
          "repeattime:3": -1,
          "simultaneous:1": 0,
          "icon:10": {
            "ForgeCaps:10": {
              "astralsorcery:cap_item_amulet_holder:10": {}
            },
            "id:8": "exnihilocreatio:crook_wood",
            "Count:3": 1,
            "Damage:2": 0,
            "OreDict:8": ""
          },
          "globalshare:1": 0,
          "questlogic:8": "AND",
          "partysinglereward:1": 0,
          "snd_update:8": "minecraft:entity.player.levelup",
          "autoclaim:1": 0,
          "ismain:1": 0,
          "name:8": "Plant Fibres 2.0",
          "desc:8": "Now that you have access to wood, you can make this nifty tool called a crook. Pretty much it has a higher chance to get saplings from trees. It also give you a chance to get plant fibers."
        }
      },
      "tasks:9": {
        "0:10": {
          "partialMatch:1": 1,
          "autoConsume:1": 0,
          "groupDetect:1": 0,
          "ignoreNBT:1": 0,
          "index:3": 0,
          "consume:1": 0,
          "requiredItems:9": {
            "0:10": {
              "id:8": "exnihilocreatio:crook_wood",
              "Count:3": 1,
              "OreDict:8": "",
              "Damage:3": 0
            }
          },
          "taskID:8": "bq_standard:retrieval"
        },
        "1:10": {
          "partialMatch:1": 1,
          "autoConsume:1": 0,
          "groupDetect:1": 0,
          "ignoreNBT:1": 0,
          "index:3": 1,
          "consume:1": 0,
          "requiredItems:9": {
            "0:10": {
              "id:8": "survivalist:plant_fibres",
              "Count:3": 16,
              "OreDict:8": "",
              "Damage:3": 0
            }
          },
          "taskID:8": "bq_standard:retrieval"
        }
      },
      "rewards:9": {
        "0:10": {
          "rewardID:8": "bq_standard:choice",
          "index:3": 0,
          "choices:9": {
            "0:10": {
              "id:8": "thermalexpansion:cell",
              "Count:3": 1,
              "tag:10": {
                "Recv:3": 1000,
                "RSControl:1": 0,
                "Facing:1": 3,
                "Energy:3": 0,
                "SideCache:7": [
                  2,
                  1,
                  1,
                  1,
                  1,
                  1
                ],
                "Level:1": 0,
                "Send:3": 1000
              },
              "OreDict:8": "",
              "Damage:3": 0
            },
            "1:10": {
              "id:8": "minecraft:planks",
              "Count:3": 64,
              "OreDict:8": "",
              "Damage:3": 0
            }
          }
        }
      }
    },
    "21:10": {
      "questID:3": 21,
      "preRequisites:11": [
        20
      ],
      "properties:10": {
        "betterquesting:10": {
          "issilent:1": 0,
          "snd_complete:8": "minecraft:entity.player.levelup",
          "lockedprogress:1": 0,
          "tasklogic:8": "AND",
          "repeattime:3": -1,
          "simultaneous:1": 0,
          "icon:10": {
            "ForgeCaps:10": {
              "astralsorcery:cap_item_amulet_holder:10": {}
            },
            "id:8": "excompressum:compressed_crook",
            "Count:3": 1,
            "Damage:2": 0,
            "OreDict:8": ""
          },
          "globalshare:1": 0,
          "questlogic:8": "AND",
          "partysinglereward:1": 0,
          "snd_update:8": "minecraft:entity.player.levelup",
          "autoclaim:1": 0,
          "ismain:1": 0,
          "name:8": "Faster Crooking",
          "desc:8": "Getting fibres is almost a joke now."
        }
      },
      "tasks:9": {
        "0:10": {
          "partialMatch:1": 1,
          "autoConsume:1": 0,
          "groupDetect:1": 0,
          "ignoreNBT:1": 0,
          "index:3": 0,
          "consume:1": 0,
          "requiredItems:9": {
            "0:10": {
              "id:8": "excompressum:compressed_crook",
              "Count:3": 1,
              "OreDict:8": "",
              "Damage:3": 0
            }
          },
          "taskID:8": "bq_standard:retrieval"
        },
        "1:10": {
          "partialMatch:1": 1,
          "autoConsume:1": 0,
          "groupDetect:1": 0,
          "ignoreNBT:1": 0,
          "index:3": 1,
          "consume:1": 0,
          "requiredItems:9": {
            "0:10": {
              "id:8": "survivalist:plant_fibres",
              "Count:3": 64,
              "OreDict:8": "",
              "Damage:3": 0
            }
          },
          "taskID:8": "bq_standard:retrieval"
        }
      },
      "rewards:9": {
        "0:10": {
          "rewardID:8": "bq_standard:item",
          "index:3": 0,
          "rewards:9": {
            "0:10": {
              "id:8": "toughasnails:charcoal_filter",
              "Count:3": 9,
              "OreDict:8": "",
              "Damage:3": 0
            }
          }
        }
      }
    },
    "22:10": {
      "questID:3": 22,
      "preRequisites:11": [
        0
      ],
      "properties:10": {
        "betterquesting:10": {
          "issilent:1": 0,
          "snd_complete:8": "minecraft:entity.player.levelup",
          "lockedprogress:1": 0,
          "tasklogic:8": "AND",
          "repeattime:3": -1,
          "simultaneous:1": 0,
          "icon:10": {
            "id:8": "exnihilocreatio:block_barrel0",
            "Count:3": 1,
            "Damage:2": 0,
            "OreDict:8": ""
          },
          "globalshare:1": 0,
          "questlogic:8": "AND",
          "partysinglereward:1": 0,
          "snd_update:8": "minecraft:entity.player.levelup",
          "autoclaim:1": 0,
          "ismain:1": 0,
          "name:8": "Composting",
          "desc:8": "There is alot of waste on Yugospit. Lets turn some of them into useful wasteland barrels."
        }
      },
      "tasks:9": {
        "0:10": {
          "partialMatch:1": 1,
          "autoConsume:1": 0,
          "groupDetect:1": 0,
          "ignoreNBT:1": 0,
          "index:3": 0,
          "consume:1": 0,
          "requiredItems:9": {
            "0:10": {
              "id:8": "exnihilocreatio:block_barrel0",
              "Count:3": 1,
              "OreDict:8": "",
              "Damage:3": 0
            }
          },
          "taskID:8": "bq_standard:retrieval"
        }
      },
      "rewards:9": {
        "0:10": {
          "rewardID:8": "bq_standard:item",
          "index:3": 0,
          "rewards:9": {
            "0:10": {
              "id:8": "ezwastelands:ezwastelandblock",
              "Count:3": 64,
              "OreDict:8": "",
              "Damage:3": 0
            }
          }
        }
      }
    },
    "23:10": {
      "questID:3": 23,
      "preRequisites:11": [
        16
      ],
      "properties:10": {
        "betterquesting:10": {
          "issilent:1": 0,
          "snd_complete:8": "minecraft:entity.player.levelup",
          "lockedprogress:1": 0,
          "tasklogic:8": "AND",
          "repeattime:3": -1,
          "simultaneous:1": 0,
          "icon:10": {
            "id:8": "minecraft:obsidian",
            "Count:3": 1,
            "Damage:2": 0,
            "OreDict:8": ""
          },
          "globalshare:1": 0,
          "questlogic:8": "AND",
          "partysinglereward:1": 0,
          "snd_update:8": "minecraft:entity.player.levelup",
          "autoclaim:1": 0,
          "ismain:1": 0,
          "name:8": "Obsidian",
          "desc:8": "Obsidian is one of the materials in the meterors that needs a powerful pick to mine. Diamond is one of those tools. Crate a diamond pickaxe, and then get some obsidian. It will be useful."
        }
      },
      "tasks:9": {
        "0:10": {
          "partialMatch:1": 1,
          "autoConsume:1": 0,
          "groupDetect:1": 0,
          "ignoreNBT:1": 1,
          "index:3": 0,
          "consume:1": 0,
          "requiredItems:9": {
            "0:10": {
              "id:8": "minecraft:diamond_pickaxe",
              "Count:3": 1,
              "OreDict:8": "",
              "Damage:3": 0
            }
          },
          "taskID:8": "bq_standard:retrieval"
        },
        "1:10": {
          "partialMatch:1": 1,
          "autoConsume:1": 0,
          "groupDetect:1": 0,
          "ignoreNBT:1": 0,
          "index:3": 1,
          "consume:1": 0,
          "requiredItems:9": {
            "0:10": {
              "id:8": "minecraft:obsidian",
              "Count:3": 10,
              "OreDict:8": "",
              "Damage:3": 0
            }
          },
          "taskID:8": "bq_standard:retrieval"
        }
      },
      "rewards:9": {
        "0:10": {
          "rewardID:8": "bq_standard:choice",
          "index:3": 0,
          "choices:9": {
            "0:10": {
              "id:8": "thermalexpansion:cell",
              "Count:3": 1,
              "tag:10": {
                "Recv:3": 1000,
                "RSControl:1": 0,
                "Facing:1": 3,
                "Creative:1": 0,
                "Energy:3": 2000000,
                "Level:1": 0,
                "SideCache:7": [
                  2,
                  1,
                  1,
                  1,
                  1,
                  1
                ],
                "Send:3": 1000
              },
              "OreDict:8": "",
              "Damage:3": 0
            },
            "1:10": {
              "id:8": "minecraft:diamond_sword",
              "Count:3": 1,
              "OreDict:8": "",
              "Damage:3": 0
            }
          }
        }
      }
    },
    "24:10": {
      "questID:3": 24,
      "preRequisites:11": [
        23,
        25
      ],
      "properties:10": {
        "betterquesting:10": {
          "issilent:1": 0,
          "snd_complete:8": "minecraft:entity.player.levelup",
          "lockedprogress:1": 0,
          "tasklogic:8": "AND",
          "repeattime:3": -1,
          "simultaneous:1": 0,
          "icon:10": {
            "id:8": "minecraft:netherrack",
            "Count:3": 1,
            "Damage:2": 0,
            "OreDict:8": ""
          },
          "globalshare:1": 0,
          "questlogic:8": "AND",
          "partysinglereward:1": 0,
          "snd_update:8": "minecraft:entity.player.levelup",
          "autoclaim:1": 0,
          "ismain:1": 0,
          "name:8": "Into the Nether",
          "desc:8": "This very hostile place, has some great materials that you might be looking for. Make sure you don\u0027t die. Suit up with enough stuff as you can, and only take what you need too. Your stuff might be there forever."
        }
      },
      "tasks:9": {
        "0:10": {
          "posX:3": 0,
          "posY:3": 0,
          "posZ:3": 0,
          "visible:1": 1,
          "name:8": "The Nether",
          "range:3": -1,
          "index:3": 0,
          "dimension:3": -1,
          "taskID:8": "bq_standard:location",
          "hideInfo:1": 0
        }
      },
      "rewards:9": {
        "0:10": {
          "amount:3": 10,
          "rewardID:8": "bq_standard:xp",
          "isLevels:1": 1,
          "index:3": 0
        }
      }
    },
    "25:10": {
      "questID:3": 25,
      "preRequisites:11": [
        15
      ],
      "properties:10": {
        "betterquesting:10": {
          "issilent:1": 0,
          "snd_complete:8": "minecraft:entity.player.levelup",
          "lockedprogress:1": 0,
          "tasklogic:8": "AND",
          "repeattime:3": -1,
          "simultaneous:1": 0,
          "icon:10": {
            "ForgeCaps:10": {
              "astralsorcery:cap_item_amulet_holder:10": {}
            },
            "id:8": "minecraft:iron_chestplate",
            "Count:3": 1,
            "Damage:2": 0,
            "OreDict:8": ""
          },
          "globalshare:1": 0,
          "questlogic:8": "AND",
          "partysinglereward:1": 0,
          "snd_update:8": "minecraft:entity.player.levelup",
          "autoclaim:1": 0,
          "ismain:1": 0,
          "name:8": "Iron Armor",
          "desc:8": "The Nether is a very dangerous place. Some iron armor can be very useful to protect yourself from the underworld."
        }
      },
      "tasks:9": {
        "0:10": {
          "partialMatch:1": 1,
          "autoConsume:1": 0,
          "groupDetect:1": 0,
          "ignoreNBT:1": 0,
          "index:3": 0,
          "consume:1": 0,
          "requiredItems:9": {
            "0:10": {
              "id:8": "minecraft:iron_helmet",
              "Count:3": 1,
              "OreDict:8": "",
              "Damage:3": 0
            },
            "1:10": {
              "id:8": "minecraft:iron_chestplate",
              "Count:3": 1,
              "OreDict:8": "",
              "Damage:3": 0
            },
            "2:10": {
              "id:8": "minecraft:iron_leggings",
              "Count:3": 1,
              "OreDict:8": "",
              "Damage:3": 0
            },
            "3:10": {
              "id:8": "minecraft:iron_boots",
              "Count:3": 1,
              "OreDict:8": "",
              "Damage:3": 0
            }
          },
          "taskID:8": "bq_standard:retrieval"
        }
      },
      "rewards:9": {
        "0:10": {
          "rewardID:8": "bq_standard:choice",
          "index:3": 0,
          "choices:9": {
            "0:10": {
              "id:8": "thermalexpansion:cell",
              "Count:3": 1,
              "tag:10": {
                "Recv:3": 1000,
                "RSControl:1": 0,
                "Facing:1": 3,
                "Creative:1": 0,
                "Energy:3": 2000000,
                "Level:1": 0,
                "SideCache:7": [
                  2,
                  1,
                  1,
                  1,
                  1,
                  1
                ],
                "Send:3": 1000
              },
              "OreDict:8": "",
              "Damage:3": 0
            },
            "1:10": {
              "id:8": "thermalfoundation:tool.sword_silver",
              "Count:3": 1,
              "OreDict:8": "",
              "Damage:3": 0
            }
          }
        }
      }
    },
    "26:10": {
      "questID:3": 26,
      "preRequisites:11": [
        28
      ],
      "properties:10": {
        "betterquesting:10": {
          "issilent:1": 0,
          "snd_complete:8": "minecraft:entity.player.levelup",
          "lockedprogress:1": 0,
          "tasklogic:8": "AND",
          "repeattime:3": -1,
          "simultaneous:1": 0,
          "icon:10": {
            "id:8": "skyresources:fusiontable",
            "Count:3": 1,
            "Damage:2": 0,
            "OreDict:8": ""
          },
          "globalshare:1": 0,
          "questlogic:8": "AND",
          "partysinglereward:1": 0,
          "snd_update:8": "minecraft:entity.player.levelup",
          "autoclaim:1": 0,
          "ismain:1": 0,
          "name:8": "Alchemical Fusion",
          "desc:8": "Now that we have some basic primus dust we can make this nifty gadget. This allows you to make Alchemical Ore Dust using Alchemy. To do this you have to fuel it with primus and then put in the required materials to make that ore duct. There is JEI Integration for this."
        }
      },
      "tasks:9": {
        "0:10": {
          "partialMatch:1": 1,
          "autoConsume:1": 0,
          "groupDetect:1": 0,
          "ignoreNBT:1": 0,
          "index:3": 0,
          "consume:1": 0,
          "requiredItems:9": {
            "0:10": {
              "id:8": "skyresources:fusiontable",
              "Count:3": 1,
              "OreDict:8": "",
              "Damage:3": 0
            }
          },
          "taskID:8": "bq_standard:retrieval"
        }
      },
      "rewards:9": {
        "0:10": {
          "rewardID:8": "bq_standard:item",
          "index:3": 0,
          "rewards:9": {
            "0:10": {
              "id:8": "skyresources:alchemyitemcomponent",
              "Count:3": 7,
              "OreDict:8": "",
              "Damage:3": 2
            }
          }
        }
      }
    },
    "27:10": {
      "questID:3": 27,
      "preRequisites:11": [
        24
      ],
      "properties:10": {
        "betterquesting:10": {
          "issilent:1": 0,
          "snd_complete:8": "minecraft:entity.player.levelup",
          "lockedprogress:1": 0,
          "tasklogic:8": "AND",
          "repeattime:3": -1,
          "simultaneous:1": 0,
          "icon:10": {
            "id:8": "minecraft:blaze_powder",
            "Count:3": 1,
            "Damage:2": 0,
            "OreDict:8": ""
          },
          "globalshare:1": 0,
          "questlogic:8": "AND",
          "partysinglereward:1": 0,
          "snd_update:8": "minecraft:entity.player.levelup",
          "autoclaim:1": 0,
          "ismain:1": 0,
          "name:8": "Blazes",
          "desc:8": "Blazes are a monster in the nether. They can mostly be found near nether fortress. They drop precious blaze rods, that can be converted into blaze power which can be used for some stuff."
        }
      },
      "tasks:9": {
        "0:10": {
          "ignoreNBT:1": 1,
          "index:3": 0,
          "targetNBT:10": {
            "HurtByTimestamp:3": 0,
            "ForgeData:10": {},
            "Attributes:9": {
              "0:10": {
                "Base:6": -2.0,
                "Name:8": "tc.mobmod"
              },
              "1:10": {
                "Base:6": 0.0,
                "Name:8": "tc.mobmodtaint"
              },
              "2:10": {
                "Base:6": 20.0,
                "Name:8": "generic.maxHealth"
              },
              "3:10": {
                "Base:6": 0.0,
                "Name:8": "generic.knockbackResistance"
              },
              "4:10": {
                "Base:6": 0.23000000417232513,
                "Name:8": "generic.movementSpeed"
              },
              "5:10": {
                "Base:6": 0.0,
                "Name:8": "generic.armor"
              },
              "6:10": {
                "Base:6": 0.0,
                "Name:8": "generic.armorToughness"
              },
              "7:10": {
                "Base:6": 1.0,
                "Name:8": "forge.swimSpeed"
              },
              "8:10": {
                "Base:6": 48.0,
                "Name:8": "generic.followRange"
              },
              "9:10": {
                "Base:6": 6.0,
                "Name:8": "generic.attackDamage"
              }
            },
            "Invulnerable:1": 0,
            "FallFlying:1": 0,
            "PortalCooldown:3": 0,
            "AbsorptionAmount:5": 0.0,
            "FallDistance:5": 0.0,
            "DeathTime:2": 0,
            "ForgeCaps:10": {
              "tinkertoolleveling:entityxp:9": {},
              "dsurround:emojidata:10": {
                "as:3": 0,
                "es:3": 0,
                "et:3": 0
              },
              "pneumaticcraft:hacking:10": {}
            },
            "HandDropChances:9": {
              "0:5": 0.085,
              "1:5": 0.085
            },
            "PersistenceRequired:1": 0,
            "id:8": "minecraft:blaze",
            "Motion:9": {
              "0:6": 0.0,
              "1:6": 0.0,
              "2:6": 0.0
            },
            "Leashed:1": 0,
            "UUIDLeast:4": -9069484960773605134,
            "Health:5": 20.0,
            "LeftHanded:1": 0,
            "Air:2": 0,
            "OnGround:1": 0,
            "Dimension:3": 0,
            "Rotation:9": {
              "0:5": 0.0,
              "1:5": 0.0
            },
            "UpdateBlocked:1": 0,
            "HandItems:9": {
              "0:10": {},
              "1:10": {}
            },
            "ArmorDropChances:9": {
              "0:5": 0.085,
              "1:5": 0.085,
              "2:5": 0.085,
              "3:5": 0.085
            },
            "UUIDMost:4": 787751994201882796,
            "Pos:9": {
              "0:6": 0.0,
              "1:6": 0.0,
              "2:6": 0.0
            },
            "Fire:2": 0,
            "ArmorItems:9": {
              "0:10": {},
              "1:10": {},
              "2:10": {},
              "3:10": {}
            },
            "CanPickUpLoot:1": 0,
            "HurtTime:2": 0
          },
          "required:3": 1,
          "taskID:8": "bq_standard:hunt",
          "target:8": "minecraft:blaze",
          "subtypes:1": 1
        },
        "1:10": {
          "partialMatch:1": 1,
          "autoConsume:1": 0,
          "groupDetect:1": 0,
          "ignoreNBT:1": 0,
          "index:3": 1,
          "consume:1": 0,
          "requiredItems:9": {
            "0:10": {
              "id:8": "minecraft:blaze_rod",
              "Count:3": 1,
              "OreDict:8": "",
              "Damage:3": 0
            }
          },
          "taskID:8": "bq_standard:retrieval"
        },
        "2:10": {
          "partialMatch:1": 1,
          "autoConsume:1": 0,
          "groupDetect:1": 0,
          "ignoreNBT:1": 0,
          "index:3": 2,
          "consume:1": 0,
          "requiredItems:9": {
            "0:10": {
              "id:8": "minecraft:blaze_powder",
              "Count:3": 2,
              "OreDict:8": "",
              "Damage:3": 0
            }
          },
          "taskID:8": "bq_standard:retrieval"
        }
      },
      "rewards:9": {
        "0:10": {
          "rewardID:8": "bq_standard:item",
          "index:3": 0,
          "rewards:9": {
            "0:10": {
              "id:8": "minecraft:blaze_powder",
              "Count:3": 8,
              "OreDict:8": "",
              "Damage:3": 0
            }
          }
        }
      }
    },
    "28:10": {
      "questID:3": 28,
      "preRequisites:11": [
        27
      ],
      "properties:10": {
        "betterquesting:10": {
          "issilent:1": 0,
          "snd_complete:8": "minecraft:entity.player.levelup",
          "lockedprogress:1": 0,
          "tasklogic:8": "AND",
          "repeattime:3": -1,
          "simultaneous:1": 0,
          "icon:10": {
            "id:8": "skyresources:alchemyitemcomponent",
            "Count:3": 64,
            "Damage:2": 2,
            "OreDict:8": ""
          },
          "globalshare:1": 0,
          "questlogic:8": "AND",
          "partysinglereward:1": 0,
          "snd_update:8": "minecraft:entity.player.levelup",
          "autoclaim:1": 0,
          "ismain:1": 0,
          "name:8": "Primus",
          "desc:8": "Primus is this weird type of dust that can be used for alot of the early game stuff in the Alchemy mod. If you dont know what that is, its a way to make metals out of different alchemical powders, which are made from different materials. The most basic one is done in a crafting table, yet later you will need a special block for this."
        }
      },
      "tasks:9": {
        "0:10": {
          "partialMatch:1": 1,
          "autoConsume:1": 0,
          "groupDetect:1": 0,
          "ignoreNBT:1": 0,
          "index:3": 0,
          "consume:1": 0,
          "requiredItems:9": {
            "0:10": {
              "id:8": "skyresources:alchemyitemcomponent",
              "Count:3": 3,
              "OreDict:8": "",
              "Damage:3": 2
            }
          },
          "taskID:8": "bq_standard:retrieval"
        }
      },
      "rewards:9": {
        "0:10": {
          "rewardID:8": "bq_standard:item",
          "index:3": 0,
          "rewards:9": {
            "0:10": {
              "id:8": "metalchests:metal_chest",
              "Count:3": 1,
              "OreDict:8": "",
              "Damage:3": 1
            }
          }
        }
      }
    },
    "29:10": {
      "questID:3": 29,
      "preRequisites:11": [
        26
      ],
      "properties:10": {
        "betterquesting:10": {
          "issilent:1": 0,
          "snd_complete:8": "minecraft:entity.player.levelup",
          "lockedprogress:1": 0,
          "tasklogic:8": "AND",
          "repeattime:3": -1,
          "simultaneous:1": 0,
          "icon:10": {
            "id:8": "skyresources:condenser",
            "Count:3": 1,
            "Damage:2": 0,
            "OreDict:8": ""
          },
          "globalshare:1": 0,
          "questlogic:8": "AND",
          "partysinglereward:1": 0,
          "snd_update:8": "minecraft:entity.player.levelup",
          "autoclaim:1": 0,
          "ismain:1": 0,
          "name:8": "Wooden Condenser",
          "desc:8": "The basic tier of a condenser. This is the brain of the multiblock."
        }
      },
      "tasks:9": {
        "0:10": {
          "partialMatch:1": 1,
          "autoConsume:1": 0,
          "groupDetect:1": 0,
          "ignoreNBT:1": 0,
          "index:3": 0,
          "consume:1": 0,
          "requiredItems:9": {
            "0:10": {
              "id:8": "skyresources:condenser",
              "Count:3": 1,
              "OreDict:8": "",
              "Damage:3": 0
            }
          },
          "taskID:8": "bq_standard:retrieval"
        }
      },
      "rewards:9": {}
    },
    "30:10": {
      "questID:3": 30,
      "preRequisites:11": [
        26
      ],
      "properties:10": {
        "betterquesting:10": {
          "issilent:1": 0,
          "snd_complete:8": "minecraft:entity.player.levelup",
          "lockedprogress:1": 0,
          "tasklogic:8": "AND",
          "repeattime:3": -1,
          "simultaneous:1": 0,
          "icon:10": {
            "id:8": "skyresources:casing",
            "Count:3": 1,
            "Damage:2": 0,
            "OreDict:8": ""
          },
          "globalshare:1": 0,
          "questlogic:8": "AND",
          "partysinglereward:1": 0,
          "snd_update:8": "minecraft:entity.player.levelup",
          "autoclaim:1": 0,
          "ismain:1": 0,
          "name:8": "Wooden Casing",
          "desc:8": "The frame for the casing. Make sure to give it a redstone signal."
        }
      },
      "tasks:9": {
        "0:10": {
          "partialMatch:1": 1,
          "autoConsume:1": 0,
          "groupDetect:1": 0,
          "ignoreNBT:1": 0,
          "index:3": 0,
          "consume:1": 0,
          "requiredItems:9": {
            "0:10": {
              "id:8": "skyresources:casing",
              "Count:3": 1,
              "OreDict:8": "",
              "Damage:3": 0
            }
          },
          "taskID:8": "bq_standard:retrieval"
        }
      },
      "rewards:9": {}
    },
    "31:10": {
      "questID:3": 31,
      "preRequisites:11": [
        29,
        30
      ],
      "properties:10": {
        "betterquesting:10": {
          "issilent:1": 0,
          "snd_complete:8": "minecraft:entity.player.levelup",
          "lockedprogress:1": 0,
          "tasklogic:8": "AND",
          "repeattime:3": -1,
          "simultaneous:1": 0,
          "icon:10": {
            "id:8": "skyresources:fluiddropper",
            "Count:3": 1,
            "Damage:2": 0,
            "OreDict:8": ""
          },
          "globalshare:1": 0,
          "questlogic:8": "AND",
          "partysinglereward:1": 0,
          "snd_update:8": "minecraft:entity.player.levelup",
          "autoclaim:1": 0,
          "ismain:1": 0,
          "name:8": "Fluid Dropping",
          "desc:8": "These tools can be used to drop crystal fluid which we will make soon into the condensers, to produce the ore from the alchemical dust.\n\nKeep Note: Before you place this you need to make a enclosed space for the droppers to point into that is above the casing. Glass is recommend so you can see inside. Corners are not needed."
        }
      },
      "tasks:9": {
        "0:10": {
          "partialMatch:1": 1,
          "autoConsume:1": 0,
          "groupDetect:1": 0,
          "ignoreNBT:1": 0,
          "index:3": 0,
          "consume:1": 0,
          "requiredItems:9": {
            "0:10": {
              "id:8": "skyresources:fluiddropper",
              "Count:3": 2,
              "OreDict:8": "",
              "Damage:3": 0
            }
          },
          "taskID:8": "bq_standard:retrieval"
        }
      },
      "rewards:9": {}
    },
    "32:10": {
      "questID:3": 32,
      "preRequisites:11": [
        31
      ],
      "properties:10": {
        "betterquesting:10": {
          "issilent:1": 0,
          "snd_complete:8": "minecraft:entity.player.levelup",
          "lockedprogress:1": 0,
          "tasklogic:8": "AND",
          "repeattime:3": -1,
          "simultaneous:1": 0,
          "icon:10": {
            "id:8": "skyresources:crucible",
            "Count:3": 3,
            "Damage:2": 0,
            "OreDict:8": ""
          },
          "globalshare:1": 0,
          "questlogic:8": "AND",
          "partysinglereward:1": 0,
          "snd_update:8": "minecraft:entity.player.levelup",
          "autoclaim:1": 0,
          "ismain:1": 0,
          "name:8": "Crucibles",
          "desc:8": "Crucibles have a couple uses. The most important for metal creation is the melting of crystal shard into crystal fluid. Place these next to the upper Fluid Dropper. This will auto push the crystals into the dropper. Make sure that you only put 4 crystals in at a time. Otherwise it will not take them.\n\nAlso keep note 1 crucible will suffice but it is very slow. 3 is recommended."
        }
      },
      "tasks:9": {
        "0:10": {
          "partialMatch:1": 1,
          "autoConsume:1": 0,
          "groupDetect:1": 0,
          "ignoreNBT:1": 0,
          "index:3": 0,
          "consume:1": 0,
          "requiredItems:9": {
            "0:10": {
              "id:8": "skyresources:crucible",
              "Count:3": 3,
              "OreDict:8": "",
              "Damage:3": 0
            }
          },
          "taskID:8": "bq_standard:retrieval"
        }
      },
      "rewards:9": {}
    },
    "33:10": {
      "questID:3": 33,
      "preRequisites:11": [
        31
      ],
      "properties:10": {
        "betterquesting:10": {
          "issilent:1": 0,
          "snd_complete:8": "minecraft:entity.player.levelup",
          "lockedprogress:1": 0,
          "tasklogic:8": "AND",
          "repeattime:3": -1,
          "simultaneous:1": 0,
          "icon:10": {
            "id:8": "skyresources:crucibleinserter",
            "Count:3": 1,
            "Damage:2": 0,
            "OreDict:8": ""
          },
          "globalshare:1": 0,
          "questlogic:8": "AND",
          "partysinglereward:1": 0,
          "snd_update:8": "minecraft:entity.player.levelup",
          "autoclaim:1": 0,
          "ismain:1": 0,
          "name:8": "Automatically Inserting",
          "desc:8": "The crucible inserted, can automatically insert crystal shards into a crucible. It is a very powerful block for a simple purpose, because it wont over put shards in."
        }
      },
      "tasks:9": {
        "0:10": {
          "partialMatch:1": 1,
          "autoConsume:1": 0,
          "groupDetect:1": 0,
          "ignoreNBT:1": 0,
          "index:3": 0,
          "consume:1": 0,
          "requiredItems:9": {
            "0:10": {
              "id:8": "skyresources:crucibleinserter",
              "Count:3": 1,
              "OreDict:8": "",
              "Damage:3": 0
            }
          },
          "taskID:8": "bq_standard:retrieval"
        }
      },
      "rewards:9": {}
    },
    "34:10": {
      "questID:3": 34,
      "preRequisites:11": [
        33
      ],
      "properties:10": {
        "betterquesting:10": {
          "issilent:1": 0,
          "snd_complete:8": "minecraft:entity.player.levelup",
          "lockedprogress:1": 0,
          "tasklogic:8": "AND",
          "repeattime:3": -1,
          "simultaneous:1": 0,
          "icon:10": {
            "id:8": "skyresources:fusiontable",
            "Count:3": 1,
            "Damage:2": 0,
            "OreDict:8": ""
          },
          "globalshare:1": 0,
          "questlogic:8": "AND",
          "partysinglereward:1": 0,
          "snd_update:8": "minecraft:entity.player.levelup",
          "autoclaim:1": 0,
          "ismain:1": 0,
          "name:8": "Fully Automatited",
          "desc:8": "Crystals can be dropped into crucible, but what about making crystals. 3 Fusion table can automatically make it but how to get it into the crucible inserted. Why using a item transport method of course. A hopper is a very good option but there is tons of other options"
        }
      },
      "tasks:9": {
        "0:10": {
          "partialMatch:1": 1,
          "autoConsume:1": 0,
          "groupDetect:1": 0,
          "ignoreNBT:1": 0,
          "index:3": 0,
          "consume:1": 0,
          "requiredItems:9": {
            "0:10": {
              "id:8": "skyresources:fusiontable",
              "Count:3": 3,
              "OreDict:8": "",
              "Damage:3": 0
            }
          },
          "taskID:8": "bq_standard:retrieval"
        }
      },
      "rewards:9": {}
    },
    "35:10": {
      "questID:3": 35,
      "preRequisites:11": [
        32,
        26
      ],
      "properties:10": {
        "betterquesting:10": {
          "issilent:1": 0,
          "snd_complete:8": "minecraft:entity.player.levelup",
          "lockedprogress:1": 0,
          "tasklogic:8": "AND",
          "repeattime:3": -1,
          "simultaneous:1": 0,
          "icon:10": {
            "id:8": "skyresources:orealchdust",
            "Count:3": 1,
            "Damage:2": 0,
            "OreDict:8": ""
          },
          "globalshare:1": 0,
          "questlogic:8": "AND",
          "partysinglereward:1": 0,
          "snd_update:8": "minecraft:entity.player.levelup",
          "autoclaim:1": 0,
          "ismain:1": 0,
          "name:8": "Alchemical Iron",
          "desc:8": "Alchemical Iron can be made in the Fusion table. Once done then you can drop it into the combustion block. Place a chest below it to collect the ingots."
        }
      },
      "tasks:9": {
        "0:10": {
          "partialMatch:1": 1,
          "autoConsume:1": 0,
          "groupDetect:1": 0,
          "ignoreNBT:1": 0,
          "index:3": 0,
          "consume:1": 0,
          "requiredItems:9": {
            "0:10": {
              "id:8": "skyresources:orealchdust",
              "Count:3": 1,
              "OreDict:8": "",
              "Damage:3": 0
            }
          },
          "taskID:8": "bq_standard:retrieval"
        }
      },
      "rewards:9": {}
    },
    "36:10": {
      "questID:3": 36,
      "preRequisites:11": [
        35
      ],
      "properties:10": {
        "betterquesting:10": {
          "issilent:1": 0,
          "snd_complete:8": "minecraft:entity.player.levelup",
          "lockedprogress:1": 0,
          "tasklogic:8": "AND",
          "repeattime:3": -1,
          "simultaneous:1": 0,
          "icon:10": {
            "id:8": "skyresources:combustionheater",
            "Count:3": 1,
            "Damage:2": 3,
            "OreDict:8": ""
          },
          "globalshare:1": 0,
          "questlogic:8": "AND",
          "partysinglereward:1": 0,
          "snd_update:8": "minecraft:entity.player.levelup",
          "autoclaim:1": 0,
          "ismain:1": 0,
          "name:8": "Iron age",
          "desc:8": "The wooden stuff is good. Even the stone stuff is good, but the iron is a mid tier one. The higher your condenser and casings stats are the more ingots come out of a dust. Think of this like a complex addition problem. The dust isnt as effitient with wood, but can be increased with the iron. Meteror ores will suffice for this purpose"
        }
      },
      "tasks:9": {
        "0:10": {
          "partialMatch:1": 1,
          "autoConsume:1": 0,
          "groupDetect:1": 0,
          "ignoreNBT:1": 0,
          "index:3": 0,
          "consume:1": 0,
          "requiredItems:9": {
            "0:10": {
              "id:8": "skyresources:condenser",
              "Count:3": 1,
              "OreDict:8": "",
              "Damage:3": 3
            },
            "1:10": {
              "id:8": "skyresources:casing",
              "Count:3": 1,
              "OreDict:8": "",
              "Damage:3": 3
            }
          },
          "taskID:8": "bq_standard:retrieval"
        }
      },
      "rewards:9": {}
    },
    "37:10": {
      "questID:3": 37,
      "preRequisites:11": [
        26,
        28
      ],
      "properties:10": {
        "betterquesting:10": {
          "issilent:1": 0,
          "snd_complete:8": "minecraft:entity.player.levelup",
          "lockedprogress:1": 0,
          "tasklogic:8": "AND",
          "repeattime:3": -1,
          "simultaneous:1": 0,
          "icon:10": {
            "id:8": "skyresources:alchemyitemcomponent",
            "Count:3": 2,
            "Damage:2": 3,
            "OreDict:8": ""
          },
          "globalshare:1": 0,
          "questlogic:8": "AND",
          "partysinglereward:1": 0,
          "snd_update:8": "minecraft:entity.player.levelup",
          "autoclaim:1": 0,
          "ismain:1": 0,
          "name:8": "Secondus",
          "desc:8": "Secondus is another tier of dust. This will allow you to extract more dust from the fusion you did."
        }
      },
      "tasks:9": {
        "0:10": {
          "partialMatch:1": 1,
          "autoConsume:1": 0,
          "groupDetect:1": 0,
          "ignoreNBT:1": 0,
          "index:3": 0,
          "consume:1": 0,
          "requiredItems:9": {
            "0:10": {
              "id:8": "skyresources:alchemyitemcomponent",
              "Count:3": 1,
              "OreDict:8": "",
              "Damage:3": 3
            }
          },
          "taskID:8": "bq_standard:retrieval"
        }
      },
      "rewards:9": {}
    },
    "38:10": {
      "questID:3": 38,
      "preRequisites:11": [
        37
      ],
      "properties:10": {
        "betterquesting:10": {
          "issilent:1": 0,
          "snd_complete:8": "minecraft:entity.player.levelup",
          "lockedprogress:1": 0,
          "tasklogic:8": "AND",
          "repeattime:3": -1,
          "simultaneous:1": 0,
          "icon:10": {
            "id:8": "skyresources:alchemyitemcomponent",
            "Count:3": 1,
            "Damage:2": 4,
            "OreDict:8": ""
          },
          "globalshare:1": 0,
          "questlogic:8": "AND",
          "partysinglereward:1": 0,
          "snd_update:8": "minecraft:entity.player.levelup",
          "autoclaim:1": 0,
          "ismain:1": 0,
          "name:8": "Tertius",
          "desc:8": "Tertius, the highest tier alchemical dust will allow you to get the most out of your fusion. Combindinding this with a high tier combustion heater will produce tons of metal!"
        }
      },
      "tasks:9": {},
      "rewards:9": {}
    }
  },
  "questLines:9": {
    "0:10": {
      "quests:9": {
        "0:10": {
          "size:3": 24,
          "x:3": -138,
          "y:3": 6,
          "id:3": 0
        },
        "1:10": {
          "size:3": 24,
          "x:3": -102,
          "y:3": 42,
          "id:3": 1
        },
        "2:10": {
          "size:3": 24,
          "x:3": -60,
          "y:3": -30,
          "id:3": 2
        },
        "3:10": {
          "size:3": 24,
          "x:3": 66,
          "y:3": -30,
          "id:3": 3
        },
        "4:10": {
          "size:3": 24,
          "x:3": 66,
          "y:3": 42,
          "id:3": 4
        },
        "5:10": {
          "size:3": 24,
          "x:3": -18,
          "y:3": 42,
          "id:3": 5
        },
        "6:10": {
          "size:3": 24,
          "x:3": 66,
          "y:3": 114,
          "id:3": 7
        },
        "7:10": {
          "size:3": 24,
          "x:3": 126,
          "y:3": 114,
          "id:3": 8
        },
        "8:10": {
          "size:3": 24,
          "x:3": -60,
          "y:3": 6,
          "id:3": 9
        },
        "9:10": {
          "size:3": 24,
          "x:3": 126,
          "y:3": -30,
          "id:3": 10
        },
        "10:10": {
          "size:3": 24,
          "x:3": -60,
          "y:3": 114,
          "id:3": 11
        },
        "11:10": {
          "size:3": 24,
          "x:3": 102,
          "y:3": 42,
          "id:3": 12
        },
        "12:10": {
          "size:3": 24,
          "x:3": -60,
          "y:3": 150,
          "id:3": 13
        },
        "13:10": {
          "size:3": 24,
          "x:3": -60,
          "y:3": 186,
          "id:3": 14
        },
        "14:10": {
          "size:3": 24,
          "x:3": -24,
          "y:3": 186,
          "id:3": 15
        },
        "15:10": {
          "size:3": 24,
          "x:3": -96,
          "y:3": 186,
          "id:3": 16
        },
        "16:10": {
          "size:3": 24,
          "x:3": 30,
          "y:3": 78,
          "id:3": 17
        },
        "17:10": {
          "size:3": 24,
          "x:3": -18,
          "y:3": 78,
          "id:3": 18
        },
        "18:10": {
          "size:3": 24,
          "x:3": -102,
          "y:3": 6,
          "id:3": 19
        },
        "19:10": {
          "size:3": 24,
          "x:3": 30,
          "y:3": 6,
          "id:3": 20
        },
        "20:10": {
          "size:3": 24,
          "x:3": -18,
          "y:3": 6,
          "id:3": 21
        },
        "21:10": {
          "size:3": 24,
          "x:3": -102,
          "y:3": -30,
          "id:3": 22
        },
        "22:10": {
          "size:3": 24,
          "x:3": -96,
          "y:3": 222,
          "id:3": 23
        },
        "23:10": {
          "size:3": 24,
          "x:3": -60,
          "y:3": 222,
          "id:3": 24
        },
        "24:10": {
          "size:3": 24,
          "x:3": -24,
          "y:3": 222,
          "id:3": 25
        },
        "25:10": {
          "size:3": 24,
          "x:3": -126,
          "y:3": 330,
          "id:3": 26
        },
        "26:10": {
          "size:3": 24,
          "x:3": -78,
          "y:3": 258,
          "id:3": 27
        },
        "27:10": {
          "size:3": 24,
          "x:3": -102,
          "y:3": 294,
          "id:3": 28
        },
        "28:10": {
          "size:3": 24,
          "x:3": -60,
          "y:3": 378,
          "id:3": 29
        },
        "29:10": {
          "size:3": 24,
          "x:3": -24,
          "y:3": 378,
          "id:3": 30
        },
        "30:10": {
          "size:3": 24,
          "x:3": -42,
          "y:3": 414,
          "id:3": 31
        },
        "31:10": {
          "size:3": 24,
          "x:3": -42,
          "y:3": 444,
          "id:3": 32
        },
        "32:10": {
          "size:3": 24,
          "x:3": -72,
          "y:3": 414,
          "id:3": 33
        },
        "33:10": {
          "size:3": 24,
          "x:3": -102,
          "y:3": 414,
          "id:3": 34
        },
        "34:10": {
          "size:3": 24,
          "x:3": -126,
          "y:3": 444,
          "id:3": 35
        },
        "35:10": {
          "size:3": 24,
          "x:3": -156,
          "y:3": 444,
          "id:3": 36
        },
        "36:10": {
          "size:3": 24,
          "x:3": -162,
          "y:3": 294,
          "id:3": 37
        },
        "37:10": {
          "size:3": 24,
          "x:3": -198,
          "y:3": 294,
          "id:3": 38
        }
      },
      "lineID:3": 0,
      "properties:10": {
        "betterquesting:10": {
          "name:8": "Questbook",
          "bg_image:8": "",
          "bg_size:3": 256,
          "desc:8": "Ahooy, you just crash on the planet Yugospit. This planet is full of waste and meteors with resources that crashed from Earth. Why not head out, explore but don\u0027t get too hot, thirsty or hungry, or you might die. Dieing is bad since your in hardcore mode, but with the power of sync shells, you can come back if u do so."
        }
      },
      "order:3": 0
    }
  },
  "questSettings:10": {
    "betterquesting:10": {
      "livesdef:3": 3,
      "pack_name:8": "Rebirth 3",
      "home_anchor_y:5": 0.0,
      "livesmax:3": 10,
      "home_anchor_x:5": 0.5,
      "editmode:1": 0,
      "hardcore:1": 0,
      "home_image:8": "rebirth3:textures/gui/main_title.png",
      "pack_version:3": 0,
      "home_offset_x:3": -128,
      "home_offset_y:3": 0
    }
  }
}