{"stat.walkOneCm":30193,"stat.leaveGame":4,"stat.useItem.minecraft.tnt":31,"stat.pickup.chisel.factory":5,"stat.pickup.questbook.itemquestbook":1,"stat.jump":89,"stat.climbOneCm":2390,"stat.fallOneCm":954,"stat.pickup.minecraft.gunpowder":2,"stat.crouchOneCm":2914,"stat.sprintOneCm":20809,"stat.useItem.minecraft.stone_slab2":411,"stat.useItem.betterbuilderswands.wandunbreakable":478,"stat.useItem.minecraft.water_bucket":17,"stat.pickup.ezwastelands.ezwastelandblock":17,"stat.useItem.minecraft.flint_and_steel":1,"stat.useItem.rftools.shape_card":3,"stat.killEntity.tconstruct.blueslime":9,"stat.useItem.thermalexpansion.machine":2,"stat.useItem.ezwastelands.ezwastelandblock":32,"stat.mobKills":9,"stat.flyOneCm":182338,"stat.useItem.draconicevolution.creative_exchanger":66,"stat.deaths":1,"stat.drop":1,"stat.playOneMinute":81791,"stat.useItem.chisel.factory":281,"stat.sneakTime":1906,"stat.drop.chisel.factory":1,"stat.timeSinceDeath":4722,"stat.useItem.chisel.factory1":28,"stat.pickup.integrateddynamics.on_the_dynamics_of_integration":1}