{
  "rftools:builder": {
    "criteria": {
      "placed_builder": "2018-08-30 19:01:43 -0400"
    },
    "done": true
  },
  "minecraft:recipes/redstone/tnt": {
    "criteria": {
      "has_gunpowder": "2018-08-30 19:25:24 -0400"
    },
    "done": true
  },
  "tombstone:tutorial/root": {
    "criteria": {
      "auto": "2018-08-30 18:58:21 -0400"
    },
    "done": true
  },
  "minecraft:recipes/decorations/chest": {
    "criteria": {
      "has_lots_of_items": "2018-08-30 19:01:39 -0400"
    },
    "done": true
  },
  "minecraft:adventure/root": {
    "criteria": {
      "killed_something": "2018-08-30 19:21:58 -0400"
    },
    "done": true
  },
  "minecraft:recipes/brewing/cauldron": {
    "criteria": {
      "has_water_bucket": "2018-08-31 11:05:15 -0400"
    },
    "done": true
  },
  "minecraft:adventure/adventuring_time": {
    "criteria": {
      "forest": "2018-08-30 19:00:15 -0400",
      "forest_hills": "2018-08-30 19:19:08 -0400",
      "plains": "2018-08-30 18:58:21 -0400",
      "roofed_forest": "2018-08-30 19:00:20 -0400"
    },
    "done": false
  },
  "integrateddynamics:root": {
    "criteria": {
      "criteria_0": "2018-08-30 19:00:52 -0400"
    },
    "done": true
  },
  "minecraft:story/root": {
    "criteria": {
      "crafting_table": "2018-08-30 19:29:26 -0400"
    },
    "done": true
  },
  "tombstone:tutorial/first_grave": {
    "criteria": {
      "coded_trigger": "2018-08-31 17:19:56 -0400"
    },
    "done": true
  }
}