{
  "questProgress:9": {
    "0:10": {
      "questID:3": 0,
      "completed:9": {},
      "tasks:9": {
        "0:10": {
          "completeUsers:9": {},
          "userProgress:9": {},
          "index:3": 0,
          "taskID:8": "bq_standard:retrieval"
        }
      }
    },
    "1:10": {
      "questID:3": 1,
      "completed:9": {},
      "tasks:9": {
        "0:10": {
          "completeUsers:9": {},
          "userProgress:9": {},
          "index:3": 0,
          "taskID:8": "bq_standard:retrieval"
        }
      }
    },
    "2:10": {
      "questID:3": 2,
      "completed:9": {},
      "tasks:9": {
        "0:10": {
          "completeUsers:9": {},
          "userProgress:9": {},
          "index:3": 0,
          "taskID:8": "bq_standard:retrieval"
        },
        "1:10": {
          "completeUsers:9": {},
          "userProgress:9": {},
          "index:3": 1,
          "taskID:8": "bq_standard:retrieval"
        },
        "2:10": {
          "completeUsers:9": {},
          "userProgress:9": {},
          "index:3": 2,
          "taskID:8": "bq_standard:retrieval"
        }
      }
    },
    "3:10": {
      "questID:3": 3,
      "completed:9": {},
      "tasks:9": {
        "0:10": {
          "completeUsers:9": {},
          "userProgress:9": {},
          "index:3": 0,
          "taskID:8": "bq_standard:retrieval"
        }
      }
    },
    "4:10": {
      "questID:3": 4,
      "completed:9": {},
      "tasks:9": {
        "0:10": {
          "completeUsers:9": {},
          "userProgress:9": {},
          "index:3": 0,
          "taskID:8": "bq_standard:retrieval"
        },
        "1:10": {
          "completeUsers:9": {},
          "userProgress:9": {},
          "index:3": 1,
          "taskID:8": "bq_standard:retrieval"
        },
        "2:10": {
          "completeUsers:9": {},
          "userProgress:9": {},
          "index:3": 2,
          "taskID:8": "bq_standard:retrieval"
        }
      }
    },
    "5:10": {
      "questID:3": 5,
      "completed:9": {},
      "tasks:9": {
        "0:10": {
          "completeUsers:9": {},
          "userProgress:9": {},
          "index:3": 0,
          "taskID:8": "bq_standard:retrieval"
        },
        "1:10": {
          "completeUsers:9": {},
          "userProgress:9": {},
          "index:3": 1,
          "taskID:8": "bq_standard:retrieval"
        }
      }
    },
    "6:10": {
      "questID:3": 6,
      "completed:9": {},
      "tasks:9": {
        "0:10": {
          "completeUsers:9": {},
          "index:3": 0,
          "taskID:8": "bq_standard:checkbox"
        },
        "1:10": {
          "completeUsers:9": {},
          "userProgress:9": {},
          "index:3": 1,
          "taskID:8": "bq_standard:retrieval"
        }
      }
    },
    "7:10": {
      "questID:3": 7,
      "completed:9": {},
      "tasks:9": {
        "0:10": {
          "completeUsers:9": {},
          "userProgress:9": {},
          "index:3": 0,
          "taskID:8": "bq_standard:crafting"
        },
        "1:10": {
          "completeUsers:9": {},
          "userProgress:9": {},
          "index:3": 1,
          "taskID:8": "bq_standard:crafting"
        },
        "2:10": {
          "completeUsers:9": {},
          "userProgress:9": {},
          "index:3": 2,
          "taskID:8": "bq_standard:retrieval"
        }
      }
    },
    "8:10": {
      "questID:3": 8,
      "completed:9": {},
      "tasks:9": {
        "0:10": {
          "completeUsers:9": {},
          "userProgress:9": {},
          "index:3": 0,
          "taskID:8": "bq_standard:crafting"
        }
      }
    },
    "9:10": {
      "questID:3": 9,
      "completed:9": {},
      "tasks:9": {
        "0:10": {
          "completeUsers:9": {},
          "userProgress:9": {},
          "index:3": 0,
          "taskID:8": "bq_standard:crafting"
        }
      }
    },
    "10:10": {
      "questID:3": 10,
      "completed:9": {},
      "tasks:9": {
        "0:10": {
          "completeUsers:9": {},
          "userProgress:9": {},
          "index:3": 0,
          "taskID:8": "bq_standard:retrieval"
        }
      }
    },
    "11:10": {
      "questID:3": 11,
      "completed:9": {},
      "tasks:9": {
        "0:10": {
          "completeUsers:9": {},
          "userProgress:9": {},
          "index:3": 0,
          "taskID:8": "bq_standard:crafting"
        }
      }
    },
    "12:10": {
      "questID:3": 12,
      "completed:9": {},
      "tasks:9": {
        "0:10": {
          "completeUsers:9": {},
          "userProgress:9": {},
          "index:3": 0,
          "taskID:8": "bq_standard:crafting"
        }
      }
    },
    "13:10": {
      "questID:3": 13,
      "completed:9": {},
      "tasks:9": {
        "0:10": {
          "completeUsers:9": {},
          "userProgress:9": {},
          "index:3": 2,
          "taskID:8": "bq_standard:retrieval"
        }
      }
    },
    "14:10": {
      "questID:3": 14,
      "completed:9": {},
      "tasks:9": {
        "0:10": {
          "completeUsers:9": {},
          "userProgress:9": {},
          "index:3": 0,
          "taskID:8": "bq_standard:crafting"
        }
      }
    },
    "15:10": {
      "questID:3": 15,
      "completed:9": {},
      "tasks:9": {
        "0:10": {
          "completeUsers:9": {},
          "userProgress:9": {},
          "index:3": 0,
          "taskID:8": "bq_standard:crafting"
        },
        "1:10": {
          "completeUsers:9": {},
          "userProgress:9": {},
          "index:3": 1,
          "taskID:8": "bq_standard:crafting"
        }
      }
    },
    "16:10": {
      "questID:3": 16,
      "completed:9": {},
      "tasks:9": {
        "0:10": {
          "completeUsers:9": {},
          "userProgress:9": {},
          "index:3": 0,
          "taskID:8": "bq_standard:crafting"
        },
        "1:10": {
          "completeUsers:9": {},
          "userProgress:9": {},
          "index:3": 1,
          "taskID:8": "bq_standard:retrieval"
        }
      }
    },
    "17:10": {
      "questID:3": 17,
      "completed:9": {},
      "tasks:9": {
        "0:10": {
          "completeUsers:9": {},
          "userProgress:9": {},
          "index:3": 0,
          "taskID:8": "bq_standard:retrieval"
        }
      }
    },
    "18:10": {
      "questID:3": 18,
      "completed:9": {},
      "tasks:9": {
        "0:10": {
          "completeUsers:9": {},
          "userProgress:9": {},
          "index:3": 0,
          "taskID:8": "bq_standard:retrieval"
        }
      }
    },
    "19:10": {
      "questID:3": 19,
      "completed:9": {},
      "tasks:9": {
        "0:10": {
          "completeUsers:9": {},
          "userProgress:9": {},
          "index:3": 0,
          "taskID:8": "bq_standard:retrieval"
        }
      }
    }
  }
}