{
  "build:8": "3.5.264",
  "format:8": "2.0.0",
  "questDatabase:9": {
    "0:10": {
      "questID:3": 0,
      "preRequisites:11": [],
      "properties:10": {
        "betterquesting:10": {
          "issilent:1": 0,
          "snd_complete:8": "minecraft:entity.player.levelup",
          "lockedprogress:1": 0,
          "tasklogic:8": "AND",
          "repeattime:3": -1,
          "simultaneous:1": 0,
          "icon:10": {
            "id:8": "ezwastelands:ezwastelandblock",
            "Count:3": 1,
            "Damage:2": 0,
            "OreDict:8": ""
          },
          "globalshare:1": 0,
          "questlogic:8": "AND",
          "partysinglereward:1": 0,
          "snd_update:8": "minecraft:entity.player.levelup",
          "autoclaim:1": 0,
          "ismain:1": 0,
          "name:8": "Welcome to Yugospit [YU-GO-SPIT]",
          "desc:8": "§f §0§0§0§0§0§0Well this is a wreck. Get what you can, watch out for the engine that fell off the ship. The core is flowing, and the fuel is breached!§0§0§0 Once completed, if ur playing in hardcore mode use you sync shell to have extra lives. You have one life, and then you have to restart!"
        }
      },
      "tasks:9": {
        "0:10": {
          "partialMatch:1": 1,
          "autoConsume:1": 1,
          "groupDetect:1": 0,
          "ignoreNBT:1": 1,
          "index:3": 0,
          "consume:1": 0,
          "requiredItems:9": {
            "0:10": {
              "id:8": "thermalexpansion:machine",
              "Count:3": 1,
              "tag:10": {
                "RSControl:1": 0,
                "Facing:1": 2,
                "Creative:1": 0,
                "Energy:3": 0,
                "Level:1": 0,
                "SideCache:7": [
                  0,
                  0,
                  0,
                  0,
                  0,
                  0
                ]
              },
              "OreDict:8": "",
              "Damage:3": 14
            }
          },
          "taskID:8": "bq_standard:retrieval"
        }
      },
      "rewards:9": {
        "0:10": {
          "rewardID:8": "bq_standard:item",
          "index:3": 0,
          "rewards:9": {
            "0:10": {
              "id:8": "minecraft:snowball",
              "Count:3": 5,
              "OreDict:8": "",
              "Damage:3": 0
            },
            "1:10": {
              "id:8": "toughasnails:charcoal_filter",
              "Count:3": 5,
              "OreDict:8": "",
              "Damage:3": 0
            },
            "2:10": {
              "id:8": "sync:item_shell_constructor",
              "Count:3": 1,
              "OreDict:8": "",
              "Damage:3": 0
            },
            "3:10": {
              "id:8": "thermalexpansion:cell",
              "Count:3": 1,
              "tag:10": {
                "Recv:3": 1000,
                "RSControl:1": 0,
                "Facing:1": 3,
                "Creative:1": 0,
                "Energy:3": 2000000,
                "Level:1": 0,
                "SideCache:7": [
                  2,
                  1,
                  1,
                  1,
                  1,
                  1
                ],
                "Send:3": 1000
              },
              "OreDict:8": "",
              "Damage:3": 0
            }
          }
        }
      }
    },
    "1:10": {
      "questID:3": 1,
      "preRequisites:11": [
        0
      ],
      "properties:10": {
        "betterquesting:10": {
          "issilent:1": 0,
          "snd_complete:8": "minecraft:entity.player.levelup",
          "lockedprogress:1": 0,
          "tasklogic:8": "AND",
          "repeattime:3": -1,
          "simultaneous:1": 0,
          "icon:10": {
            "id:8": "ezwastelands:ezwastelandblock",
            "Count:3": 1,
            "Damage:2": 0,
            "OreDict:8": ""
          },
          "globalshare:1": 0,
          "questlogic:8": "AND",
          "partysinglereward:1": 0,
          "snd_update:8": "minecraft:entity.player.levelup",
          "autoclaim:1": 0,
          "ismain:1": 0,
          "name:8": "Waste, Waste and More Waste",
          "desc:8": "Get all the waste"
        }
      },
      "tasks:9": {
        "0:10": {
          "partialMatch:1": 1,
          "autoConsume:1": 0,
          "groupDetect:1": 0,
          "ignoreNBT:1": 0,
          "index:3": 0,
          "consume:1": 0,
          "requiredItems:9": {
            "0:10": {
              "id:8": "ezwastelands:ezwastelandblock",
              "Count:3": 64,
              "OreDict:8": "",
              "Damage:3": 0
            }
          },
          "taskID:8": "bq_standard:retrieval"
        }
      },
      "rewards:9": {
        "0:10": {
          "rewardID:8": "bq_standard:choice",
          "index:3": 0,
          "choices:9": {
            "0:10": {
              "id:8": "minecraft:log",
              "Count:3": 3,
              "OreDict:8": "",
              "Damage:3": 0
            },
            "1:10": {
              "id:8": "minecraft:spawn_egg",
              "Count:3": 2,
              "tag:10": {
                "EntityTag:10": {
                  "id:8": "minecraft:pig"
                }
              },
              "OreDict:8": "",
              "Damage:3": 0
            }
          }
        }
      }
    },
    "2:10": {
      "questID:3": 2,
      "preRequisites:11": [
        0
      ],
      "properties:10": {
        "betterquesting:10": {
          "issilent:1": 0,
          "snd_complete:8": "minecraft:entity.player.levelup",
          "lockedprogress:1": 0,
          "tasklogic:8": "AND",
          "repeattime:3": -1,
          "simultaneous:1": 0,
          "icon:10": {
            "id:8": "minecraft:dirt",
            "Count:3": 1,
            "Damage:2": 0,
            "OreDict:8": ""
          },
          "globalshare:1": 0,
          "questlogic:8": "AND",
          "partysinglereward:1": 0,
          "snd_update:8": "minecraft:entity.player.levelup",
          "autoclaim:1": 0,
          "ismain:1": 0,
          "name:8": "Waste to trees",
          "desc:8": "Using all of the waste around you, you can turn 7 Wasteland Blocks into 1 fibre. When can be used to make some basic items"
        }
      },
      "tasks:9": {
        "0:10": {
          "partialMatch:1": 1,
          "autoConsume:1": 0,
          "groupDetect:1": 0,
          "ignoreNBT:1": 0,
          "index:3": 0,
          "consume:1": 0,
          "requiredItems:9": {
            "0:10": {
              "id:8": "ezwastelands:ezwastelandblock",
              "Count:3": 7,
              "OreDict:8": "",
              "Damage:3": 0
            }
          },
          "taskID:8": "bq_standard:retrieval"
        },
        "1:10": {
          "partialMatch:1": 1,
          "autoConsume:1": 0,
          "groupDetect:1": 0,
          "ignoreNBT:1": 0,
          "index:3": 1,
          "consume:1": 0,
          "requiredItems:9": {
            "0:10": {
              "id:8": "survivalist:plant_fibres",
              "Count:3": 2,
              "OreDict:8": "",
              "Damage:3": 0
            }
          },
          "taskID:8": "bq_standard:retrieval"
        },
        "2:10": {
          "partialMatch:1": 1,
          "autoConsume:1": 1,
          "groupDetect:1": 0,
          "ignoreNBT:1": 0,
          "index:3": 2,
          "consume:1": 0,
          "requiredItems:9": {
            "0:10": {
              "id:8": "minecraft:sapling",
              "Count:3": 5,
              "OreDict:8": "",
              "Damage:3": 0
            },
            "1:10": {
              "id:8": "minecraft:dirt",
              "Count:3": 5,
              "OreDict:8": "",
              "Damage:3": 0
            }
          },
          "taskID:8": "bq_standard:retrieval"
        }
      },
      "rewards:9": {
        "0:10": {
          "rewardID:8": "bq_standard:choice",
          "index:3": 0,
          "choices:9": {
            "0:10": {
              "id:8": "harvestcraft:applejuiceitem",
              "Count:3": 5,
              "OreDict:8": "",
              "Damage:3": 0
            },
            "1:10": {
              "id:8": "minecraft:cooked_beef",
              "Count:3": 2,
              "OreDict:8": "",
              "Damage:3": 0
            }
          }
        }
      }
    },
    "3:10": {
      "questID:3": 3,
      "preRequisites:11": [
        2
      ],
      "properties:10": {
        "betterquesting:10": {
          "issilent:1": 0,
          "snd_complete:8": "minecraft:entity.player.levelup",
          "lockedprogress:1": 0,
          "tasklogic:8": "AND",
          "repeattime:3": -1,
          "simultaneous:1": 0,
          "icon:10": {
            "id:8": "minecraft:sapling",
            "Count:3": 1,
            "Damage:2": 0,
            "OreDict:8": ""
          },
          "globalshare:1": 0,
          "questlogic:8": "AND",
          "partysinglereward:1": 0,
          "snd_update:8": "minecraft:entity.player.levelup",
          "autoclaim:1": 0,
          "ismain:1": 0,
          "name:8": "Twerking for Trees",
          "desc:8": "Twerk them all"
        }
      },
      "tasks:9": {
        "0:10": {
          "partialMatch:1": 1,
          "autoConsume:1": 0,
          "groupDetect:1": 0,
          "ignoreNBT:1": 0,
          "index:3": 0,
          "consume:1": 0,
          "requiredItems:9": {
            "0:10": {
              "id:8": "minecraft:log",
              "Count:3": 8,
              "OreDict:8": "",
              "Damage:3": 0
            }
          },
          "taskID:8": "bq_standard:retrieval"
        }
      },
      "rewards:9": {
        "0:10": {
          "rewardID:8": "bq_standard:item",
          "index:3": 0,
          "rewards:9": {
            "0:10": {
              "id:8": "minecraft:sapling",
              "Count:3": 1,
              "OreDict:8": "",
              "Damage:3": 1
            },
            "1:10": {
              "id:8": "minecraft:sapling",
              "Count:3": 1,
              "OreDict:8": "",
              "Damage:3": 2
            },
            "2:10": {
              "id:8": "minecraft:sapling",
              "Count:3": 1,
              "OreDict:8": "",
              "Damage:3": 3
            },
            "3:10": {
              "id:8": "minecraft:sapling",
              "Count:3": 1,
              "OreDict:8": "",
              "Damage:3": 4
            },
            "4:10": {
              "id:8": "minecraft:sapling",
              "Count:3": 1,
              "OreDict:8": "",
              "Damage:3": 5
            }
          }
        }
      }
    },
    "4:10": {
      "questID:3": 4,
      "preRequisites:11": [
        3
      ],
      "properties:10": {
        "betterquesting:10": {
          "issilent:1": 0,
          "snd_complete:8": "minecraft:entity.player.levelup",
          "lockedprogress:1": 0,
          "tasklogic:8": "AND",
          "repeattime:3": -1,
          "simultaneous:1": 0,
          "icon:10": {
            "id:8": "survivalist:chopping_block",
            "Count:3": 1,
            "Damage:2": 0,
            "OreDict:8": ""
          },
          "globalshare:1": 0,
          "questlogic:8": "AND",
          "partysinglereward:1": 0,
          "snd_update:8": "minecraft:entity.player.levelup",
          "autoclaim:1": 0,
          "ismain:1": 0,
          "name:8": "Chopping for Wood",
          "desc:8": "Use wood to make planks on the chopping block, and planks to make sticks. Use your bare fist for now, but later you can upgrade to an axe."
        }
      },
      "tasks:9": {
        "0:10": {
          "partialMatch:1": 1,
          "autoConsume:1": 0,
          "groupDetect:1": 0,
          "ignoreNBT:1": 0,
          "index:3": 0,
          "consume:1": 0,
          "requiredItems:9": {},
          "taskID:8": "bq_standard:retrieval"
        },
        "1:10": {
          "partialMatch:1": 1,
          "autoConsume:1": 0,
          "groupDetect:1": 0,
          "ignoreNBT:1": 0,
          "index:3": 1,
          "consume:1": 0,
          "requiredItems:9": {},
          "taskID:8": "bq_standard:retrieval"
        },
        "2:10": {
          "partialMatch:1": 1,
          "autoConsume:1": 0,
          "groupDetect:1": 0,
          "ignoreNBT:1": 0,
          "index:3": 2,
          "consume:1": 0,
          "requiredItems:9": {},
          "taskID:8": "bq_standard:retrieval"
        }
      },
      "rewards:9": {
        "0:10": {
          "rewardID:8": "bq_standard:choice",
          "index:3": 0,
          "choices:9": {
            "0:10": {
              "id:8": "ironbackpacks:backpack",
              "Count:3": 1,
              "tag:10": {
                "packInfo:10": {
                  "upgrade:9": {},
                  "type:8": "ironbackpacks:basic",
                  "spec:8": "NONE"
                }
              },
              "OreDict:8": "",
              "Damage:3": 0
            },
            "1:10": {
              "id:8": "thermalexpansion:cell",
              "Count:3": 1,
              "tag:10": {
                "Recv:3": 1000,
                "RSControl:1": 0,
                "Facing:1": 5,
                "Creative:1": 0,
                "Energy:3": 2000000,
                "Level:1": 0,
                "SideCache:7": [
                  2,
                  1,
                  1,
                  1,
                  1,
                  1
                ],
                "Send:3": 1000
              },
              "OreDict:8": "",
              "Damage:3": 0
            }
          }
        }
      }
    },
    "5:10": {
      "questID:3": 5,
      "preRequisites:11": [
        1,
        4
      ],
      "properties:10": {
        "betterquesting:10": {
          "issilent:1": 0,
          "snd_complete:8": "minecraft:entity.player.levelup",
          "lockedprogress:1": 0,
          "tasklogic:8": "AND",
          "repeattime:3": -1,
          "simultaneous:1": 0,
          "icon:10": {
            "id:8": "minecraft:rotten_flesh",
            "Count:3": 1,
            "Damage:2": 0,
            "OreDict:8": ""
          },
          "globalshare:1": 0,
          "questlogic:8": "AND",
          "partysinglereward:1": 0,
          "snd_update:8": "minecraft:entity.player.levelup",
          "autoclaim:1": 0,
          "ismain:1": 0,
          "name:8": "Gross Food, Plz",
          "desc:8": "There comes a time when you are starving and need food. Well just drying rotten flesh will get you jurky."
        }
      },
      "tasks:9": {
        "0:10": {
          "partialMatch:1": 1,
          "autoConsume:1": 0,
          "groupDetect:1": 0,
          "ignoreNBT:1": 0,
          "index:3": 0,
          "consume:1": 0,
          "requiredItems:9": {
            "0:10": {
              "id:8": "minecraft:rotten_flesh",
              "Count:3": 2,
              "OreDict:8": "",
              "Damage:3": 0
            },
            "1:10": {
              "id:8": "survivalist:rack",
              "Count:3": 1,
              "OreDict:8": "",
              "Damage:3": 0
            }
          },
          "taskID:8": "bq_standard:retrieval"
        },
        "1:10": {
          "partialMatch:1": 1,
          "autoConsume:1": 0,
          "groupDetect:1": 0,
          "ignoreNBT:1": 0,
          "index:3": 1,
          "consume:1": 0,
          "requiredItems:9": {
            "0:10": {
              "id:8": "survivalist:jerky",
              "Count:3": 1,
              "OreDict:8": "",
              "Damage:3": 0
            }
          },
          "taskID:8": "bq_standard:retrieval"
        }
      },
      "rewards:9": {
        "0:10": {
          "rewardID:8": "bq_standard:item",
          "index:3": 0,
          "rewards:9": {
            "0:10": {
              "id:8": "survivalist:jerky",
              "Count:3": 6,
              "OreDict:8": "",
              "Damage:3": 0
            }
          }
        }
      }
    },
    "6:10": {
      "questID:3": 6,
      "preRequisites:11": [
        2
      ],
      "properties:10": {
        "betterquesting:10": {
          "issilent:1": 0,
          "snd_complete:8": "minecraft:entity.player.levelup",
          "lockedprogress:1": 0,
          "tasklogic:8": "AND",
          "repeattime:3": -1,
          "simultaneous:1": 0,
          "icon:10": {
            "id:8": "minecraft:sapling",
            "Count:3": 1,
            "Damage:2": 0,
            "OreDict:8": ""
          },
          "globalshare:1": 0,
          "questlogic:8": "AND",
          "partysinglereward:1": 0,
          "snd_update:8": "minecraft:entity.player.levelup",
          "autoclaim:1": 0,
          "ismain:1": 0,
          "name:8": "Twerking For Trees",
          "desc:8": "Twerk twerk, twerk for trees. "
        }
      },
      "tasks:9": {
        "0:10": {
          "index:3": 0,
          "taskID:8": "bq_standard:checkbox"
        },
        "1:10": {
          "partialMatch:1": 1,
          "autoConsume:1": 0,
          "groupDetect:1": 0,
          "ignoreNBT:1": 0,
          "index:3": 1,
          "consume:1": 0,
          "requiredItems:9": {
            "0:10": {
              "id:8": "minecraft:log",
              "Count:3": 8,
              "OreDict:8": "",
              "Damage:3": 0
            }
          },
          "taskID:8": "bq_standard:retrieval"
        }
      },
      "rewards:9": {
        "0:10": {
          "rewardID:8": "bq_standard:choice",
          "index:3": 0,
          "choices:9": {
            "0:10": {
              "id:8": "minecraft:log",
              "Count:3": 8,
              "OreDict:8": "",
              "Damage:3": 0
            },
            "1:10": {
              "id:8": "thermalexpansion:cell",
              "Count:3": 1,
              "tag:10": {
                "Recv:3": 1000,
                "RSControl:1": 0,
                "Facing:1": 5,
                "Creative:1": 0,
                "Energy:3": 1399000,
                "Level:1": 0,
                "SideCache:7": [
                  2,
                  2,
                  2,
                  2,
                  1,
                  1
                ],
                "Send:3": 1000
              },
              "OreDict:8": "",
              "Damage:3": 0
            }
          }
        }
      }
    },
    "7:10": {
      "questID:3": 7,
      "preRequisites:11": [
        4
      ],
      "properties:10": {
        "betterquesting:10": {
          "issilent:1": 0,
          "snd_complete:8": "minecraft:entity.player.levelup",
          "lockedprogress:1": 0,
          "tasklogic:8": "AND",
          "repeattime:3": -1,
          "simultaneous:1": 0,
          "icon:10": {
            "id:8": "minecraft:flint",
            "Count:3": 1,
            "Damage:2": 0,
            "OreDict:8": ""
          },
          "globalshare:1": 0,
          "questlogic:8": "AND",
          "partysinglereward:1": 0,
          "snd_update:8": "minecraft:entity.player.levelup",
          "autoclaim:1": 0,
          "ismain:1": 0,
          "name:8": "Flint!",
          "desc:8": "Flint one of the Natural resources of this map. Well it more natural then those meters."
        }
      },
      "tasks:9": {
        "0:10": {
          "partialMatch:1": 1,
          "ignoreNBT:1": 0,
          "index:3": 0,
          "requiredItems:9": {
            "0:10": {
              "id:8": "improvedextraction:small_rock",
              "Count:3": 1,
              "OreDict:8": "",
              "Damage:3": 0
            }
          },
          "taskID:8": "bq_standard:crafting"
        },
        "1:10": {
          "partialMatch:1": 1,
          "ignoreNBT:1": 0,
          "index:3": 1,
          "requiredItems:9": {
            "0:10": {
              "id:8": "minecraft:gravel",
              "Count:3": 1,
              "OreDict:8": "",
              "Damage:3": 0
            }
          },
          "taskID:8": "bq_standard:crafting"
        },
        "2:10": {
          "partialMatch:1": 1,
          "autoConsume:1": 0,
          "groupDetect:1": 0,
          "ignoreNBT:1": 0,
          "index:3": 2,
          "consume:1": 0,
          "requiredItems:9": {
            "0:10": {
              "id:8": "minecraft:flint",
              "Count:3": 1,
              "OreDict:8": "",
              "Damage:3": 0
            }
          },
          "taskID:8": "bq_standard:retrieval"
        }
      },
      "rewards:9": {
        "0:10": {
          "rewardID:8": "bq_standard:item",
          "index:3": 0,
          "rewards:9": {
            "0:10": {
              "id:8": "minecraft:wheat_seeds",
              "Count:3": 1,
              "OreDict:8": "",
              "Damage:3": 0
            },
            "1:10": {
              "id:8": "harvestcraft:pineappleseeditem",
              "Count:3": 1,
              "OreDict:8": "",
              "Damage:3": 0
            },
            "2:10": {
              "id:8": "harvestcraft:blueberryseeditem",
              "Count:3": 1,
              "OreDict:8": "",
              "Damage:3": 0
            }
          }
        }
      }
    },
    "8:10": {
      "questID:3": 8,
      "preRequisites:11": [
        7,
        10
      ],
      "properties:10": {
        "betterquesting:10": {
          "issilent:1": 0,
          "snd_complete:8": "minecraft:entity.player.levelup",
          "lockedprogress:1": 0,
          "tasklogic:8": "AND",
          "repeattime:3": -1,
          "simultaneous:1": 0,
          "icon:10": {
            "ForgeCaps:10": {
              "astralsorcery:cap_item_amulet_holder:10": {}
            },
            "id:8": "tp:flint_chestplate",
            "Count:3": 1,
            "Damage:2": 0,
            "OreDict:8": ""
          },
          "globalshare:1": 0,
          "questlogic:8": "AND",
          "partysinglereward:1": 0,
          "snd_update:8": "minecraft:entity.player.levelup",
          "autoclaim:1": 0,
          "ismain:1": 0,
          "name:8": "Flint Armor",
          "desc:8": "Whose the Tough guy now"
        }
      },
      "tasks:9": {
        "0:10": {
          "partialMatch:1": 1,
          "ignoreNBT:1": 0,
          "index:3": 0,
          "requiredItems:9": {
            "0:10": {
              "id:8": "tp:flint_helmet",
              "Count:3": 1,
              "OreDict:8": "",
              "Damage:3": 0
            },
            "1:10": {
              "id:8": "tp:flint_chestplate",
              "Count:3": 1,
              "OreDict:8": "",
              "Damage:3": 0
            },
            "2:10": {
              "id:8": "tp:flint_leggings",
              "Count:3": 1,
              "OreDict:8": "",
              "Damage:3": 0
            },
            "3:10": {
              "id:8": "tp:flint_boots",
              "Count:3": 1,
              "OreDict:8": "",
              "Damage:3": 0
            }
          },
          "taskID:8": "bq_standard:crafting"
        }
      },
      "rewards:9": {
        "0:10": {
          "rewardID:8": "bq_standard:choice",
          "index:3": 0,
          "choices:9": {
            "0:10": {
              "id:8": "thermalexpansion:cell",
              "Count:3": 1,
              "tag:10": {
                "Recv:3": 1000,
                "RSControl:1": 0,
                "Facing:1": 5,
                "Creative:1": 0,
                "Energy:3": 1399000,
                "Level:1": 0,
                "SideCache:7": [
                  2,
                  2,
                  2,
                  2,
                  1,
                  1
                ],
                "Send:3": 1000
              },
              "OreDict:8": "",
              "Damage:3": 0
            },
            "1:10": {
              "id:8": "minecraft:dirt",
              "Count:3": 32,
              "OreDict:8": "",
              "Damage:3": 0
            },
            "2:10": {
              "id:8": "betterquesting:placeholder",
              "Count:3": 8,
              "tag:10": {
                "orig_meta:3": 0,
                "orig_id:8": "schopcraft:ice_cream"
              },
              "OreDict:8": "",
              "Damage:3": 0
            }
          }
        }
      }
    },
    "9:10": {
      "questID:3": 9,
      "preRequisites:11": [
        2,
        5
      ],
      "properties:10": {
        "betterquesting:10": {
          "issilent:1": 0,
          "snd_complete:8": "minecraft:entity.player.levelup",
          "lockedprogress:1": 0,
          "tasklogic:8": "AND",
          "repeattime:3": -1,
          "simultaneous:1": 0,
          "icon:10": {
            "id:8": "minecraft:string",
            "Count:3": 1,
            "Damage:2": 0,
            "OreDict:8": ""
          },
          "globalshare:1": 0,
          "questlogic:8": "AND",
          "partysinglereward:1": 0,
          "snd_update:8": "minecraft:entity.player.levelup",
          "autoclaim:1": 0,
          "ismain:1": 0,
          "name:8": "String",
          "desc:8": "Craft from fibers that it!"
        }
      },
      "tasks:9": {
        "0:10": {
          "partialMatch:1": 1,
          "ignoreNBT:1": 0,
          "index:3": 0,
          "requiredItems:9": {
            "0:10": {
              "id:8": "minecraft:string",
              "Count:3": 16,
              "OreDict:8": "string",
              "Damage:3": 0
            }
          },
          "taskID:8": "bq_standard:crafting"
        }
      },
      "rewards:9": {
        "0:10": {
          "rewardID:8": "bq_standard:item",
          "index:3": 0,
          "rewards:9": {
            "0:10": {
              "id:8": "minecraft:red_mushroom",
              "Count:3": 1,
              "OreDict:8": "",
              "Damage:3": 0
            },
            "1:10": {
              "id:8": "minecraft:reeds",
              "Count:3": 1,
              "OreDict:8": "",
              "Damage:3": 0
            }
          }
        }
      }
    },
    "10:10": {
      "questID:3": 10,
      "preRequisites:11": [
        3
      ],
      "properties:10": {
        "betterquesting:10": {
          "issilent:1": 0,
          "snd_complete:8": "minecraft:entity.player.levelup",
          "lockedprogress:1": 0,
          "tasklogic:8": "AND",
          "repeattime:3": -1,
          "simultaneous:1": 0,
          "icon:10": {
            "ForgeCaps:10": {
              "astralsorcery:cap_item_amulet_holder:10": {}
            },
            "id:8": "tp:wooden_chestplate",
            "Count:3": 1,
            "Damage:2": 0,
            "OreDict:8": ""
          },
          "globalshare:1": 0,
          "questlogic:8": "AND",
          "partysinglereward:1": 0,
          "snd_update:8": "minecraft:entity.player.levelup",
          "autoclaim:1": 0,
          "ismain:1": 0,
          "name:8": "Wearing Wood",
          "desc:8": "Heavy yet useful"
        }
      },
      "tasks:9": {
        "0:10": {
          "partialMatch:1": 1,
          "autoConsume:1": 0,
          "groupDetect:1": 0,
          "ignoreNBT:1": 1,
          "index:3": 0,
          "consume:1": 0,
          "requiredItems:9": {
            "0:10": {
              "id:8": "tp:wooden_helmet",
              "Count:3": 1,
              "OreDict:8": "",
              "Damage:3": 0
            },
            "1:10": {
              "id:8": "tp:wooden_chestplate",
              "Count:3": 1,
              "OreDict:8": "",
              "Damage:3": 0
            },
            "2:10": {
              "id:8": "tp:wooden_leggings",
              "Count:3": 1,
              "OreDict:8": "",
              "Damage:3": 0
            },
            "3:10": {
              "id:8": "tp:wooden_boots",
              "Count:3": 1,
              "OreDict:8": "",
              "Damage:3": 0
            }
          },
          "taskID:8": "bq_standard:retrieval"
        }
      },
      "rewards:9": {
        "0:10": {
          "rewardID:8": "bq_standard:choice",
          "index:3": 0,
          "choices:9": {
            "0:10": {
              "id:8": "minecraft:log",
              "Count:3": 6,
              "OreDict:8": "",
              "Damage:3": 0
            },
            "1:10": {
              "id:8": "minecraft:flint",
              "Count:3": 16,
              "OreDict:8": "",
              "Damage:3": 0
            }
          }
        }
      }
    },
    "11:10": {
      "questID:3": 11,
      "preRequisites:11": [
        9,
        7
      ],
      "properties:10": {
        "betterquesting:10": {
          "issilent:1": 0,
          "snd_complete:8": "minecraft:entity.player.levelup",
          "lockedprogress:1": 0,
          "tasklogic:8": "AND",
          "repeattime:3": -1,
          "simultaneous:1": 0,
          "icon:10": {
            "ForgeCaps:10": {
              "astralsorcery:cap_item_amulet_holder:10": {}
            },
            "id:8": "survivalist:pick",
            "Count:3": 1,
            "Damage:2": 0,
            "OreDict:8": ""
          },
          "globalshare:1": 0,
          "questlogic:8": "AND",
          "partysinglereward:1": 0,
          "snd_update:8": "minecraft:entity.player.levelup",
          "autoclaim:1": 0,
          "ismain:1": 0,
          "name:8": "Its Mining time",
          "desc:8": "This pick is very useful to get your first ores. To do so first make this pickaxe"
        }
      },
      "tasks:9": {
        "0:10": {
          "partialMatch:1": 1,
          "ignoreNBT:1": 0,
          "index:3": 0,
          "requiredItems:9": {
            "0:10": {
              "id:8": "survivalist:pick",
              "Count:3": 1,
              "OreDict:8": "",
              "Damage:3": 0
            }
          },
          "taskID:8": "bq_standard:crafting"
        }
      },
      "rewards:9": {
        "0:10": {
          "rewardID:8": "bq_standard:item",
          "index:3": 0,
          "rewards:9": {
            "0:10": {
              "id:8": "survivalist:pick",
              "Count:3": 3,
              "OreDict:8": "",
              "Damage:3": 0
            }
          }
        }
      }
    },
    "12:10": {
      "questID:3": 12,
      "preRequisites:11": [
        4,
        7
      ],
      "properties:10": {
        "betterquesting:10": {
          "issilent:1": 0,
          "snd_complete:8": "minecraft:entity.player.levelup",
          "lockedprogress:1": 0,
          "tasklogic:8": "AND",
          "repeattime:3": -1,
          "simultaneous:1": 0,
          "icon:10": {
            "ForgeCaps:10": {
              "astralsorcery:cap_item_amulet_holder:10": {}
            },
            "id:8": "survivalist:hatchet",
            "Count:3": 1,
            "Damage:2": 0,
            "OreDict:8": ""
          },
          "globalshare:1": 0,
          "questlogic:8": "AND",
          "partysinglereward:1": 0,
          "snd_update:8": "minecraft:entity.player.levelup",
          "autoclaim:1": 0,
          "ismain:1": 0,
          "name:8": "Faster Chopping",
          "desc:8": "This axe very fastly speeds up chopping while you are chopping up wood or sticks"
        }
      },
      "tasks:9": {
        "0:10": {
          "partialMatch:1": 1,
          "ignoreNBT:1": 0,
          "index:3": 0,
          "requiredItems:9": {
            "0:10": {
              "id:8": "survivalist:hatchet",
              "Count:3": 1,
              "OreDict:8": "",
              "Damage:3": 0
            }
          },
          "taskID:8": "bq_standard:crafting"
        }
      },
      "rewards:9": {
        "0:10": {
          "rewardID:8": "bq_standard:choice",
          "index:3": 0,
          "choices:9": {
            "0:10": {
              "id:8": "minecraft:planks",
              "Count:3": 32,
              "OreDict:8": "",
              "Damage:3": 0
            },
            "1:10": {
              "id:8": "harvestcraft:pineappleupsidedowncakeitem",
              "Count:3": 2,
              "OreDict:8": "",
              "Damage:3": 0
            }
          }
        }
      }
    },
    "13:10": {
      "questID:3": 13,
      "preRequisites:11": [
        11
      ],
      "properties:10": {
        "betterquesting:10": {
          "issilent:1": 0,
          "snd_complete:8": "minecraft:entity.player.levelup",
          "lockedprogress:1": 0,
          "tasklogic:8": "AND",
          "repeattime:3": -1,
          "simultaneous:1": 0,
          "icon:10": {
            "id:8": "wasteland_meteors:meteor_block",
            "Count:3": 1,
            "Damage:2": 0,
            "OreDict:8": ""
          },
          "globalshare:1": 0,
          "questlogic:8": "AND",
          "partysinglereward:1": 0,
          "snd_update:8": "minecraft:entity.player.levelup",
          "autoclaim:1": 0,
          "ismain:1": 0,
          "name:8": "Meteror Hunting",
          "desc:8": "Find a meteror then break in with your pickaxe. Despite the tooltip it is pretty fast to break in. Once inside, get some cobbe. While your there grab some ores as well."
        }
      },
      "tasks:9": {
        "0:10": {
          "partialMatch:1": 1,
          "autoConsume:1": 0,
          "groupDetect:1": 0,
          "ignoreNBT:1": 0,
          "index:3": 2,
          "consume:1": 0,
          "requiredItems:9": {
            "0:10": {
              "id:8": "improvedextraction:rock",
              "Count:3": 32,
              "OreDict:8": "",
              "Damage:3": 0
            }
          },
          "taskID:8": "bq_standard:retrieval"
        }
      },
      "rewards:9": {
        "0:10": {
          "rewardID:8": "bq_standard:choice",
          "index:3": 0,
          "choices:9": {
            "0:10": {
              "id:8": "actuallyadditions:item_coffee_seed",
              "Count:3": 1,
              "OreDict:8": "",
              "Damage:3": 0
            },
            "1:10": {
              "id:8": "actuallyadditions:item_rice_seed",
              "Count:3": 1,
              "OreDict:8": "",
              "Damage:3": 0
            }
          }
        }
      }
    },
    "14:10": {
      "questID:3": 14,
      "preRequisites:11": [
        13
      ],
      "properties:10": {
        "betterquesting:10": {
          "issilent:1": 0,
          "snd_complete:8": "minecraft:entity.player.levelup",
          "lockedprogress:1": 0,
          "tasklogic:8": "AND",
          "repeattime:3": -1,
          "simultaneous:1": 0,
          "icon:10": {
            "id:8": "minecraft:cobblestone",
            "Count:3": 1,
            "Damage:2": 0,
            "OreDict:8": ""
          },
          "globalshare:1": 0,
          "questlogic:8": "AND",
          "partysinglereward:1": 0,
          "snd_update:8": "minecraft:entity.player.levelup",
          "autoclaim:1": 0,
          "ismain:1": 0,
          "name:8": "Cobblestone",
          "desc:8": "Combine 4 of any type of rock expect to make the cobble version of that stone."
        }
      },
      "tasks:9": {
        "0:10": {
          "partialMatch:1": 1,
          "ignoreNBT:1": 0,
          "index:3": 0,
          "requiredItems:9": {
            "0:10": {
              "id:8": "minecraft:cobblestone",
              "Count:3": 1,
              "OreDict:8": "",
              "Damage:3": 0
            }
          },
          "taskID:8": "bq_standard:crafting"
        }
      },
      "rewards:9": {
        "0:10": {
          "rewardID:8": "bq_standard:choice",
          "index:3": 0,
          "choices:9": {
            "0:10": {
              "id:8": "thermalexpansion:cell",
              "Count:3": 1,
              "tag:10": {
                "Recv:3": 1000,
                "RSControl:1": 0,
                "Facing:1": 5,
                "Creative:1": 0,
                "Energy:3": 1399000,
                "Level:1": 0,
                "SideCache:7": [
                  2,
                  2,
                  2,
                  2,
                  1,
                  1
                ],
                "Send:3": 1000
              },
              "OreDict:8": "",
              "Damage:3": 0
            },
            "1:10": {
              "id:8": "minecraft:cobblestone",
              "Count:3": 64,
              "OreDict:8": "",
              "Damage:3": 0
            }
          }
        }
      }
    },
    "15:10": {
      "questID:3": 15,
      "preRequisites:11": [
        14
      ],
      "properties:10": {
        "betterquesting:10": {
          "issilent:1": 0,
          "snd_complete:8": "minecraft:entity.player.levelup",
          "lockedprogress:1": 0,
          "tasklogic:8": "AND",
          "repeattime:3": -1,
          "simultaneous:1": 0,
          "icon:10": {
            "id:8": "improvedextraction:ore_cluster",
            "Count:3": 1,
            "Damage:2": 0,
            "OreDict:8": ""
          },
          "globalshare:1": 0,
          "questlogic:8": "AND",
          "partysinglereward:1": 0,
          "snd_update:8": "minecraft:entity.player.levelup",
          "autoclaim:1": 0,
          "ismain:1": 0,
          "name:8": "Clusters",
          "desc:8": "Combine 4 Fragments into a clusters. Then Smelt it in the furnace, made with some cobble."
        }
      },
      "tasks:9": {
        "0:10": {
          "partialMatch:1": 1,
          "ignoreNBT:1": 0,
          "index:3": 0,
          "requiredItems:9": {
            "0:10": {
              "id:8": "improvedextraction:ore_cluster",
              "Count:3": 1,
              "OreDict:8": "",
              "Damage:3": 0
            },
            "1:10": {
              "id:8": "improvedextraction:ore_cluster",
              "Count:3": 1,
              "OreDict:8": "",
              "Damage:3": 1
            },
            "2:10": {
              "id:8": "improvedextraction:ore_cluster",
              "Count:3": 1,
              "OreDict:8": "",
              "Damage:3": 2
            },
            "3:10": {
              "id:8": "improvedextraction:ore_cluster",
              "Count:3": 1,
              "OreDict:8": "",
              "Damage:3": 3
            },
            "4:10": {
              "id:8": "improvedextraction:ore_cluster",
              "Count:3": 1,
              "OreDict:8": "",
              "Damage:3": 4
            },
            "5:10": {
              "id:8": "improvedextraction:ore_cluster",
              "Count:3": 1,
              "OreDict:8": "",
              "Damage:3": 5
            },
            "6:10": {
              "id:8": "improvedextraction:ore_cluster",
              "Count:3": 1,
              "OreDict:8": "",
              "Damage:3": 6
            },
            "7:10": {
              "id:8": "improvedextraction:ore_cluster",
              "Count:3": 1,
              "OreDict:8": "",
              "Damage:3": 15
            },
            "8:10": {
              "id:8": "rebirth3contentmod:osmiumchunk",
              "Count:3": 1,
              "OreDict:8": "",
              "Damage:3": 0
            }
          },
          "taskID:8": "bq_standard:crafting"
        },
        "1:10": {
          "partialMatch:1": 1,
          "ignoreNBT:1": 0,
          "index:3": 1,
          "requiredItems:9": {
            "0:10": {
              "id:8": "minecraft:furnace",
              "Count:3": 1,
              "OreDict:8": "",
              "Damage:3": 0
            }
          },
          "taskID:8": "bq_standard:crafting"
        }
      },
      "rewards:9": {}
    },
    "16:10": {
      "questID:3": 16,
      "preRequisites:11": [
        14
      ],
      "properties:10": {
        "betterquesting:10": {
          "issilent:1": 0,
          "snd_complete:8": "minecraft:entity.player.levelup",
          "lockedprogress:1": 0,
          "tasklogic:8": "AND",
          "repeattime:3": -1,
          "simultaneous:1": 0,
          "icon:10": {
            "id:8": "minecraft:diamond",
            "Count:3": 1,
            "Damage:2": 0,
            "OreDict:8": ""
          },
          "globalshare:1": 0,
          "questlogic:8": "AND",
          "partysinglereward:1": 0,
          "snd_update:8": "minecraft:entity.player.levelup",
          "autoclaim:1": 0,
          "ismain:1": 0,
          "name:8": "Raw Crystals",
          "desc:8": "Crystals come raw. To process them u have to cut them!"
        }
      },
      "tasks:9": {
        "0:10": {
          "partialMatch:1": 1,
          "ignoreNBT:1": 0,
          "index:3": 0,
          "requiredItems:9": {
            "0:10": {
              "id:8": "improvedextraction:cutting_tool",
              "Count:3": 1,
              "OreDict:8": "",
              "Damage:3": 0
            },
            "1:10": {
              "id:8": "improvedextraction:cutting_table",
              "Count:3": 1,
              "OreDict:8": "",
              "Damage:3": 0
            }
          },
          "taskID:8": "bq_standard:crafting"
        },
        "1:10": {
          "partialMatch:1": 1,
          "autoConsume:1": 0,
          "groupDetect:1": 0,
          "ignoreNBT:1": 0,
          "index:3": 1,
          "consume:1": 0,
          "requiredItems:9": {
            "0:10": {
              "id:8": "minecraft:diamond",
              "Count:3": 1,
              "OreDict:8": "",
              "Damage:3": 0
            },
            "1:10": {
              "id:8": "minecraft:emerald",
              "Count:3": 1,
              "OreDict:8": "",
              "Damage:3": 0
            }
          },
          "taskID:8": "bq_standard:retrieval"
        }
      },
      "rewards:9": {}
    },
    "17:10": {
      "questID:3": 17,
      "preRequisites:11": [
        0
      ],
      "properties:10": {
        "betterquesting:10": {
          "issilent:1": 0,
          "snd_complete:8": "minecraft:entity.player.levelup",
          "lockedprogress:1": 0,
          "tasklogic:8": "AND",
          "repeattime:3": -1,
          "simultaneous:1": 0,
          "icon:10": {
            "ForgeCaps:10": {
              "astralsorcery:cap_item_amulet_holder:10": {}
            },
            "id:8": "toughasnails:canteen",
            "Count:3": 1,
            "Damage:2": 1,
            "OreDict:8": ""
          },
          "globalshare:1": 0,
          "questlogic:8": "AND",
          "partysinglereward:1": 0,
          "snd_update:8": "minecraft:entity.player.levelup",
          "autoclaim:1": 0,
          "ismain:1": 0,
          "name:8": "Water Canteens",
          "desc:8": "There are some canteens on the wall there. Go take it and fill it up with water in the pool outside."
        }
      },
      "tasks:9": {
        "0:10": {
          "partialMatch:1": 1,
          "autoConsume:1": 0,
          "groupDetect:1": 0,
          "ignoreNBT:1": 0,
          "index:3": 0,
          "consume:1": 0,
          "requiredItems:9": {
            "0:10": {
              "id:8": "toughasnails:canteen",
              "Count:3": 1,
              "OreDict:8": "",
              "Damage:3": 1
            }
          },
          "taskID:8": "bq_standard:retrieval"
        }
      },
      "rewards:9": {
        "0:10": {
          "rewardID:8": "bq_standard:choice",
          "index:3": 0,
          "choices:9": {
            "0:10": {
              "id:8": "toughasnails:canteen",
              "Count:3": 1,
              "OreDict:8": "",
              "Damage:3": 0
            },
            "1:10": {
              "id:8": "minecraft:cooked_beef",
              "Count:3": 16,
              "OreDict:8": "",
              "Damage:3": 0
            }
          }
        }
      }
    },
    "18:10": {
      "questID:3": 18,
      "preRequisites:11": [
        17
      ],
      "properties:10": {
        "betterquesting:10": {
          "issilent:1": 0,
          "snd_complete:8": "minecraft:entity.player.levelup",
          "lockedprogress:1": 0,
          "tasklogic:8": "AND",
          "repeattime:3": -1,
          "simultaneous:1": 0,
          "icon:10": {
            "id:8": "toughasnails:charcoal_filter",
            "Count:3": 1,
            "Damage:2": 0,
            "OreDict:8": ""
          },
          "globalshare:1": 0,
          "questlogic:8": "AND",
          "partysinglereward:1": 0,
          "snd_update:8": "minecraft:entity.player.levelup",
          "autoclaim:1": 0,
          "ismain:1": 0,
          "name:8": "Charcoal Filters",
          "desc:8": "Even though water is nice, it might be better if it is a little more pure. Combine the bottle or your canteen with this filter to purify it."
        }
      },
      "tasks:9": {
        "0:10": {
          "partialMatch:1": 1,
          "autoConsume:1": 0,
          "groupDetect:1": 0,
          "ignoreNBT:1": 0,
          "index:3": 0,
          "consume:1": 0,
          "requiredItems:9": {
            "0:10": {
              "id:8": "toughasnails:charcoal_filter",
              "Count:3": 15,
              "OreDict:8": "",
              "Damage:3": 0
            }
          },
          "taskID:8": "bq_standard:retrieval"
        }
      },
      "rewards:9": {
        "0:10": {
          "rewardID:8": "bq_standard:choice",
          "index:3": 0,
          "choices:9": {
            "0:10": {
              "id:8": "thermalexpansion:florb",
              "Count:3": 1,
              "tag:10": {
                "Fluid:8": "water"
              },
              "OreDict:8": "",
              "Damage:3": 0
            }
          }
        }
      }
    }
  },
  "questLines:9": {
    "0:10": {
      "quests:9": {
        "0:10": {
          "size:3": 24,
          "x:3": -138,
          "y:3": 6,
          "id:3": 0
        },
        "1:10": {
          "size:3": 24,
          "x:3": -102,
          "y:3": 42,
          "id:3": 1
        },
        "2:10": {
          "size:3": 24,
          "x:3": -102,
          "y:3": 6,
          "id:3": 2
        },
        "3:10": {
          "size:3": 24,
          "x:3": -60,
          "y:3": 6,
          "id:3": 3
        },
        "4:10": {
          "size:3": 24,
          "x:3": -18,
          "y:3": 42,
          "id:3": 4
        },
        "5:10": {
          "size:3": 24,
          "x:3": -60,
          "y:3": 42,
          "id:3": 5
        },
        "6:10": {
          "size:3": 24,
          "x:3": -18,
          "y:3": 84,
          "id:3": 7
        },
        "7:10": {
          "size:3": 24,
          "x:3": 48,
          "y:3": 84,
          "id:3": 8
        },
        "8:10": {
          "size:3": 24,
          "x:3": -60,
          "y:3": 84,
          "id:3": 9
        },
        "9:10": {
          "size:3": 24,
          "x:3": 48,
          "y:3": 6,
          "id:3": 10
        },
        "10:10": {
          "size:3": 24,
          "x:3": -60,
          "y:3": 132,
          "id:3": 11
        },
        "11:10": {
          "size:3": 24,
          "x:3": 24,
          "y:3": 42,
          "id:3": 12
        },
        "12:10": {
          "size:3": 24,
          "x:3": -18,
          "y:3": 132,
          "id:3": 13
        },
        "13:10": {
          "size:3": 24,
          "x:3": -18,
          "y:3": 168,
          "id:3": 14
        },
        "14:10": {
          "size:3": 24,
          "x:3": 24,
          "y:3": 168,
          "id:3": 15
        },
        "15:10": {
          "size:3": 24,
          "x:3": -60,
          "y:3": 168,
          "id:3": 16
        },
        "16:10": {
          "size:3": 24,
          "x:3": -138,
          "y:3": 42,
          "id:3": 17
        },
        "17:10": {
          "size:3": 24,
          "x:3": -138,
          "y:3": 78,
          "id:3": 18
        }
      },
      "lineID:3": 0,
      "properties:10": {
        "betterquesting:10": {
          "name:8": "A Whole New World",
          "bg_image:8": "",
          "bg_size:3": 256,
          "desc:8": "Ahooy, you just crash on the planet Yugospit. This planet is full of waste and meteors with resources that crashed from Earth. Why not head out, explore but don\u0027t get too hot, thirsty or hungry, or you might die. Dieing is bad since your in hardcore mode, but with the power of sync shells, you can come back if u do so. §l§b§lQuests TBC after Meteroes!"
        }
      },
      "order:3": 0
    }
  },
  "questSettings:10": {
    "betterquesting:10": {
      "livesdef:3": 3,
      "pack_name:8": "",
      "home_anchor_y:5": 0.0,
      "livesmax:3": 10,
      "home_anchor_x:5": 0.5,
      "editmode:1": 1,
      "hardcore:1": 0,
      "home_image:8": "betterquesting:textures/gui/default_title.png",
      "pack_version:3": 0,
      "home_offset_x:3": -128,
      "home_offset_y:3": 0
    }
  }
}